date,instrument,y_true,y_score,fold
2020-01-30,cl1s,1,0.3623027503490448,0
2020-01-31,cl1s,0,0.4227529764175415,0
2020-02-05,cl1s,1,0.4270268678665161,0
2020-02-06,cl1s,1,0.42231643199920654,0
2020-02-07,cl1s,1,0.40870922803878784,0
2020-02-10,cl1s,1,0.40297645330429077,0
2020-02-11,cl1s,0,0.4058758616447449,0
2020-02-12,cl1s,0,0.40972885489463806,0
2020-02-13,cl1s,0,0.41218963265419006,0
2020-02-14,cl1s,0,0.42499956488609314,0
2020-02-18,cl1s,0,0.4260711073875427,0
2020-02-19,cl1s,0,0.4275665283203125,0
2020-02-20,cl1s,0,0.4354822337627411,0
2020-02-21,cl1s,0,0.419351726770401,0
2020-02-24,cl1s,0,0.42943665385246277,0
2020-02-25,cl1s,0,0.4209202826023102,0
2020-02-26,cl1s,0,0.4209202826023102,0
2020-02-27,cl1s,0,0.43752148747444153,0
2020-02-28,cl1s,0,0.43752148747444153,0
2020-03-18,cl1s,1,0.45785924792289734,0
2020-03-20,cl1s,1,0.45126959681510925,0
2020-03-23,cl1s,0,0.4376990795135498,0
2020-03-24,cl1s,0,0.4398084878921509,0
2020-03-26,cl1s,1,0.5765587091445923,0
2020-03-27,cl1s,1,0.5765587091445923,0
2020-03-30,cl1s,1,0.4450107216835022,0
2020-04-21,cl1s,1,0.6246643662452698,0
2020-04-22,cl1s,1,0.6246643662452698,0
2020-04-23,cl1s,1,0.6221815347671509,0
2020-04-24,cl1s,1,0.6221815347671509,0
2020-04-27,cl1s,1,0.6221815347671509,0
2020-04-28,cl1s,1,0.6241098642349243,0
2020-04-29,cl1s,1,0.6302230954170227,0
2020-04-30,cl1s,1,0.618880569934845,0
2020-05-01,cl1s,1,0.6150164604187012,0
2020-05-04,cl1s,1,0.6099566221237183,0
2020-05-05,cl1s,1,0.6061485409736633,0
2020-05-06,cl1s,1,0.604186475276947,0
2020-05-07,cl1s,1,0.606136679649353,0
2020-05-08,cl1s,1,0.6016587018966675,0
2020-05-11,cl1s,1,0.606136679649353,0
2020-05-12,cl1s,1,0.606712818145752,0
2020-05-13,cl1s,1,0.6085764169692993,0
2020-05-14,cl1s,1,0.606712818145752,0
2020-05-19,cl1s,1,0.6099566221237183,0
2020-05-27,cl1s,1,0.6147293448448181,0
2020-05-28,cl1s,1,0.6147293448448181,0
2020-06-04,cl1s,1,0.6849451661109924,0
2020-06-05,cl1s,1,0.6849451661109924,0
2020-06-08,cl1s,1,0.6849451661109924,0
2020-06-09,cl1s,1,0.6831812262535095,0
2020-06-10,cl1s,0,0.6831812262535095,0
2020-06-11,cl1s,1,0.66264808177948,0
2020-06-12,cl1s,1,0.6603717803955078,0
2020-06-17,cl1s,1,0.6792653799057007,0
2020-06-18,cl1s,1,0.6792653799057007,0
2020-06-19,cl1s,1,0.6774846315383911,0
2020-06-22,cl1s,0,0.6792653799057007,0
2020-06-23,cl1s,1,0.6827473640441895,0
2020-06-24,cl1s,1,0.6687873005867004,0
2020-06-25,cl1s,1,0.6603717803955078,0
2020-06-26,cl1s,1,0.6639573574066162,0
2020-06-29,cl1s,1,0.6603717803955078,0
2020-06-30,cl1s,1,0.6687873005867004,0
2020-07-01,cl1s,1,0.6792653799057007,0
2020-07-02,cl1s,0,0.6810517907142639,0
2020-07-06,cl1s,1,0.6827473640441895,0
2020-07-07,cl1s,1,0.680794358253479,0
2020-07-08,cl1s,1,0.680794358253479,0
2020-07-09,cl1s,1,0.6683295369148254,0
2020-07-10,cl1s,1,0.657933235168457,0
2020-07-13,cl1s,1,0.6685156226158142,0
2020-07-14,cl1s,1,0.6596630811691284,0
2020-07-15,cl1s,0,0.6657418012619019,0
2020-07-16,cl1s,0,0.6673166751861572,0
2020-07-17,cl1s,0,0.667496919631958,0
2020-07-20,cl1s,1,0.6779961585998535,0
2020-07-21,cl1s,0,0.6742377877235413,0
2020-07-22,cl1s,1,0.6760278940200806,0
2020-07-23,cl1s,1,0.6760278940200806,0
2020-07-24,cl1s,0,0.6634689569473267,0
2020-07-27,cl1s,1,0.6590653657913208,0
2020-07-28,cl1s,1,0.656329333782196,0
2020-07-29,cl1s,1,0.5746103525161743,0
2020-07-30,cl1s,1,0.5753805637359619,0
2020-07-31,cl1s,1,0.6570398807525635,0
2020-08-03,cl1s,1,0.655276358127594,0
2020-08-04,cl1s,1,0.6570398807525635,0
2020-08-21,cl1s,0,0.6057747602462769,0
2020-08-24,cl1s,0,0.6138157248497009,0
2020-08-25,cl1s,0,0.6116798520088196,0
2020-08-26,cl1s,0,0.6116798520088196,0
2020-01-30,cl1s,1,0.30431997776031494,1
2020-01-31,cl1s,0,0.31903281807899475,1
2020-02-05,cl1s,1,0.32183995842933655,1
2020-02-06,cl1s,1,0.32183995842933655,1
2020-02-07,cl1s,1,0.32183995842933655,1
2020-02-10,cl1s,1,0.32183995842933655,1
2020-02-11,cl1s,0,0.32183995842933655,1
2020-02-12,cl1s,0,0.32183995842933655,1
2020-02-13,cl1s,0,0.32183995842933655,1
2020-02-14,cl1s,0,0.31903281807899475,1
2020-02-18,cl1s,0,0.32183995842933655,1
2020-02-19,cl1s,0,0.33018118143081665,1
2020-02-20,cl1s,0,0.32183995842933655,1
2020-02-21,cl1s,0,0.31741273403167725,1
2020-02-24,cl1s,0,0.32183995842933655,1
2020-02-25,cl1s,0,0.32183995842933655,1
2020-02-26,cl1s,0,0.32183995842933655,1
2020-02-27,cl1s,0,0.31903281807899475,1
2020-02-28,cl1s,0,0.31903281807899475,1
2020-03-18,cl1s,1,0.6366643905639648,1
2020-03-20,cl1s,1,0.6284738779067993,1
2020-03-23,cl1s,0,0.6264575123786926,1
2020-03-24,cl1s,0,0.6359754800796509,1
2020-03-26,cl1s,1,0.663180947303772,1
2020-03-27,cl1s,1,0.663180947303772,1
2020-03-30,cl1s,1,0.6432226896286011,1
2020-04-21,cl1s,1,0.678440272808075,1
2020-04-22,cl1s,1,0.6689055562019348,1
2020-04-23,cl1s,1,0.665903627872467,1
2020-04-24,cl1s,1,0.6772651076316833,1
2020-04-27,cl1s,1,0.6702550649642944,1
2020-04-28,cl1s,1,0.6597094535827637,1
2020-04-29,cl1s,1,0.6515051126480103,1
2020-04-30,cl1s,1,0.650536060333252,1
2020-05-01,cl1s,1,0.653976321220398,1
2020-05-04,cl1s,1,0.650536060333252,1
2020-05-05,cl1s,1,0.6418570280075073,1
2020-05-06,cl1s,1,0.6418570280075073,1
2020-05-07,cl1s,1,0.6561710834503174,1
2020-05-08,cl1s,1,0.6210467219352722,1
2020-05-11,cl1s,1,0.6372783184051514,1
2020-05-12,cl1s,1,0.6459218859672546,1
2020-05-13,cl1s,1,0.6495744585990906,1
2020-05-14,cl1s,1,0.6351773142814636,1
2020-05-19,cl1s,1,0.66997891664505,1
2020-05-27,cl1s,1,0.6654807925224304,1
2020-09-01,cl1s,0,0.6607915163040161,1
2020-09-02,cl1s,0,0.6629277467727661,1
2020-09-16,cl1s,0,0.6547154188156128,1
2020-09-21,cl1s,0,0.6567766666412354,1
2020-09-22,cl1s,1,0.6537216901779175,1
2020-09-23,cl1s,1,0.6567766666412354,1
2020-09-24,cl1s,1,0.6537216901779175,1
2020-09-25,cl1s,1,0.6567766666412354,1
2020-09-28,cl1s,0,0.3699258863925934,1
2020-09-29,cl1s,1,0.6125591397285461,1
2020-09-30,cl1s,1,0.6040571331977844,1
2020-10-01,cl1s,1,0.607440173625946,1
2020-10-02,cl1s,1,0.6042107343673706,1
2020-10-05,cl1s,1,0.6241170167922974,1
2020-10-07,cl1s,0,0.6207366585731506,1
2020-10-08,cl1s,0,0.6130717396736145,1
2020-10-09,cl1s,0,0.619330108165741,1
2020-10-12,cl1s,0,0.6218207478523254,1
2020-10-13,cl1s,0,0.6199347972869873,1
2020-10-14,cl1s,0,0.6004230976104736,1
2020-10-15,cl1s,0,0.5964848399162292,1
2020-10-16,cl1s,0,0.5960448980331421,1
2020-10-19,cl1s,0,0.5974043011665344,1
2020-10-20,cl1s,0,0.5958617329597473,1
2020-10-21,cl1s,0,0.5856877565383911,1
2020-10-22,cl1s,0,0.5934000611305237,1
2020-10-23,cl1s,0,0.5986085534095764,1
2020-10-26,cl1s,1,0.5881423354148865,1
2020-10-27,cl1s,0,0.5908384919166565,1
2020-10-28,cl1s,1,0.5980676412582397,1
2020-10-29,cl1s,1,0.5994247794151306,1
2020-10-30,cl1s,1,0.6027774810791016,1
2020-11-02,cl1s,1,0.6234414577484131,1
2020-11-03,cl1s,1,0.6221144199371338,1
2020-11-04,cl1s,1,0.6579259037971497,1
2020-11-05,cl1s,1,0.6536127328872681,1
2020-11-06,cl1s,1,0.6412655711174011,1
2020-11-09,cl1s,1,0.6591015458106995,1
2020-11-10,cl1s,1,0.657492458820343,1
2020-11-11,cl1s,1,0.6440248489379883,1
2020-11-12,cl1s,1,0.6535508036613464,1
2020-11-13,cl1s,1,0.630185067653656,1
2020-11-16,cl1s,1,0.6351112127304077,1
2020-11-17,cl1s,1,0.6261500716209412,1
2020-11-18,cl1s,1,0.6284468173980713,1
2020-11-19,cl1s,1,0.6348139643669128,1
2020-01-30,cl1s,1,0.4267617464065552,2
2020-01-31,cl1s,0,0.42412087321281433,2
2020-02-05,cl1s,1,0.4267617464065552,2
2020-02-06,cl1s,1,0.4267617464065552,2
2020-02-07,cl1s,1,0.42412087321281433,2
2020-02-10,cl1s,1,0.42412087321281433,2
2020-02-11,cl1s,0,0.42412087321281433,2
2020-02-12,cl1s,0,0.42412087321281433,2
2020-02-13,cl1s,0,0.42412087321281433,2
2020-02-14,cl1s,0,0.4267617464065552,2
2020-02-18,cl1s,0,0.4267617464065552,2
2020-02-19,cl1s,0,0.4267617464065552,2
2020-02-20,cl1s,0,0.4267617464065552,2
2020-02-21,cl1s,0,0.4244260787963867,2
2020-02-24,cl1s,0,0.4267617464065552,2
2020-02-25,cl1s,0,0.42412087321281433,2
2020-02-26,cl1s,0,0.42412087321281433,2
2020-02-27,cl1s,0,0.4267617464065552,2
2020-02-28,cl1s,0,0.4267617464065552,2
2020-03-18,cl1s,1,0.46030738949775696,2
2020-03-20,cl1s,1,0.46030738949775696,2
2020-03-23,cl1s,0,0.46030738949775696,2
2020-03-24,cl1s,0,0.46030738949775696,2
2020-03-26,cl1s,1,0.4633428752422333,2
2020-03-27,cl1s,1,0.4633428752422333,2
2020-03-30,cl1s,1,0.4633428752422333,2
2020-04-21,cl1s,1,0.5222245454788208,2
2020-04-22,cl1s,1,0.5191764235496521,2
2020-04-23,cl1s,1,0.5191764235496521,2
2020-04-24,cl1s,1,0.5191764235496521,2
2020-04-27,cl1s,1,0.5191764235496521,2
2020-04-28,cl1s,1,0.5191764235496521,2
2020-04-29,cl1s,1,0.5222245454788208,2
2020-04-30,cl1s,1,0.5222245454788208,2
2020-05-01,cl1s,1,0.5222245454788208,2
2020-05-04,cl1s,1,0.5222245454788208,2
2020-05-05,cl1s,1,0.5222245454788208,2
2020-05-06,cl1s,1,0.5222245454788208,2
2020-05-07,cl1s,1,0.5191764235496521,2
2020-05-08,cl1s,1,0.5191764235496521,2
2020-05-11,cl1s,1,0.5191764235496521,2
2020-05-12,cl1s,1,0.5191764235496521,2
2020-05-13,cl1s,1,0.5222245454788208,2
2020-05-14,cl1s,1,0.5191764235496521,2
2020-05-19,cl1s,1,0.5191764235496521,2
2020-05-27,cl1s,1,0.5104851722717285,2
2020-11-20,cl1s,1,0.4769102931022644,2
2020-11-23,cl1s,1,0.4736131727695465,2
2020-11-24,cl1s,1,0.4708822965621948,2
2020-12-01,cl1s,1,0.4675896167755127,2
2020-12-02,cl1s,1,0.4675896167755127,2
2020-12-03,cl1s,1,0.4675896167755127,2
2020-12-04,cl1s,1,0.4675896167755127,2
2020-12-07,cl1s,1,0.43889668583869934,2
2020-12-08,cl1s,1,0.43889668583869934,2
2020-12-09,cl1s,1,0.43889668583869934,2
2020-12-11,cl1s,1,0.45897072553634644,2
2021-01-04,cl1s,1,0.4321352541446686,2
2021-01-05,cl1s,1,0.43448135256767273,2
2021-01-06,cl1s,1,0.48747724294662476,2
2021-01-07,cl1s,1,0.4906928241252899,2
2021-01-08,cl1s,1,0.46674448251724243,2
2021-01-11,cl1s,1,0.4549548327922821,2
2021-01-15,cl1s,1,0.4879447817802429,2
2021-01-19,cl1s,1,0.47322309017181396,2
2021-01-20,cl1s,1,0.4900888204574585,2
2021-01-21,cl1s,1,0.4868733584880829,2
2021-02-04,cl1s,0,0.43713775277137756,2
2021-02-05,cl1s,0,0.44030657410621643,2
2021-02-08,cl1s,0,0.4318905174732208,2
2021-02-09,cl1s,0,0.4318905174732208,2
2021-02-10,cl1s,0,0.4267617464065552,2
2021-02-11,cl1s,0,0.4267617464065552,2
2021-02-12,cl1s,0,0.4267617464065552,2
2021-02-16,cl1s,0,0.4267617464065552,2
2021-02-17,cl1s,0,0.4267617464065552,2
2021-02-18,cl1s,0,0.42412087321281433,2
2021-02-19,cl1s,0,0.42412087321281433,2
2021-02-22,cl1s,0,0.42412087321281433,2
2021-02-23,cl1s,0,0.42412087321281433,2
2021-02-24,cl1s,0,0.42412087321281433,2
2021-02-25,cl1s,0,0.42412087321281433,2
2021-03-05,cl1s,1,0.4267617464065552,2
2021-03-08,cl1s,1,0.4267617464065552,2
2021-04-15,cl1s,1,0.49169230461120605,2
2021-04-16,cl1s,1,0.4524504244327545,2
2021-04-19,cl1s,1,0.4524504244327545,2
2021-04-20,cl1s,1,0.4497753083705902,2
2021-04-21,cl1s,1,0.4364590644836426,2
2021-04-22,cl1s,1,0.46276766061782837,2
2021-04-23,cl1s,1,0.46886950731277466,2
2021-04-26,cl1s,1,0.46580538153648376,2
2020-01-30,cl1s,1,0.4597514271736145,3
2020-01-31,cl1s,0,0.4597514271736145,3
2020-02-05,cl1s,1,0.4597514271736145,3
2020-02-06,cl1s,1,0.4597514271736145,3
2020-02-07,cl1s,1,0.4597514271736145,3
2020-02-10,cl1s,1,0.4597514271736145,3
2020-02-11,cl1s,0,0.4597514271736145,3
2020-02-12,cl1s,0,0.4597514271736145,3
2020-02-13,cl1s,0,0.4597514271736145,3
2020-02-14,cl1s,0,0.4597514271736145,3
2020-02-18,cl1s,0,0.4597514271736145,3
2020-02-19,cl1s,0,0.4597514271736145,3
2020-02-20,cl1s,0,0.4597514271736145,3
2020-02-21,cl1s,0,0.4597514271736145,3
2020-02-24,cl1s,0,0.4597514271736145,3
2020-02-25,cl1s,0,0.4597514271736145,3
2020-02-26,cl1s,0,0.4597514271736145,3
2020-02-27,cl1s,0,0.4597514271736145,3
2020-02-28,cl1s,0,0.4597514271736145,3
2020-03-18,cl1s,1,0.46663573384284973,3
2020-03-20,cl1s,1,0.4597514271736145,3
2020-03-23,cl1s,0,0.4597514271736145,3
2020-03-24,cl1s,0,0.46663573384284973,3
2020-03-26,cl1s,1,0.46663573384284973,3
2020-03-27,cl1s,1,0.46663573384284973,3
2020-03-30,cl1s,1,0.46663573384284973,3
2020-04-21,cl1s,1,0.46663573384284973,3
2020-04-22,cl1s,1,0.46663573384284973,3
2020-04-23,cl1s,1,0.46663573384284973,3
2020-04-24,cl1s,1,0.46663573384284973,3
2020-04-27,cl1s,1,0.46663573384284973,3
2020-04-28,cl1s,1,0.46663573384284973,3
2020-04-29,cl1s,1,0.46663573384284973,3
2020-04-30,cl1s,1,0.46663573384284973,3
2020-05-01,cl1s,1,0.46663573384284973,3
2020-05-04,cl1s,1,0.46663573384284973,3
2020-05-05,cl1s,1,0.46663573384284973,3
2020-05-06,cl1s,1,0.46663573384284973,3
2020-05-07,cl1s,1,0.46663573384284973,3
2020-05-08,cl1s,1,0.4597514271736145,3
2020-05-11,cl1s,1,0.4597514271736145,3
2020-05-12,cl1s,1,0.46663573384284973,3
2020-05-13,cl1s,1,0.46663573384284973,3
2020-05-14,cl1s,1,0.46663573384284973,3
2020-05-19,cl1s,1,0.46663573384284973,3
2020-05-27,cl1s,1,0.46663573384284973,3
2021-04-27,cl1s,1,0.4597514271736145,3
2021-04-28,cl1s,1,0.4597514271736145,3
2021-04-29,cl1s,0,0.4597514271736145,3
2021-04-30,cl1s,1,0.4597514271736145,3
2021-05-03,cl1s,1,0.4597514271736145,3
2021-05-04,cl1s,0,0.4597514271736145,3
2021-05-05,cl1s,0,0.4597514271736145,3
2021-05-12,cl1s,1,0.4597514271736145,3
2021-05-14,cl1s,1,0.4597514271736145,3
2021-05-17,cl1s,1,0.4597514271736145,3
2021-05-19,cl1s,1,0.4597514271736145,3
2021-05-20,cl1s,1,0.4597514271736145,3
2021-05-21,cl1s,1,0.4597514271736145,3
2021-05-24,cl1s,1,0.4597514271736145,3
2021-05-25,cl1s,1,0.4597514271736145,3
2021-05-26,cl1s,1,0.4597514271736145,3
2021-05-27,cl1s,1,0.462199866771698,3
2021-05-28,cl1s,1,0.4597514271736145,3
2021-06-01,cl1s,1,0.462199866771698,3
2021-06-02,cl1s,1,0.462199866771698,3
2021-06-03,cl1s,1,0.462199866771698,3
2021-06-04,cl1s,1,0.462199866771698,3
2021-06-07,cl1s,1,0.462199866771698,3
2021-06-08,cl1s,1,0.462199866771698,3
2021-06-09,cl1s,1,0.462199866771698,3
2021-06-10,cl1s,1,0.462199866771698,3
2021-06-15,cl1s,1,0.462199866771698,3
2021-06-16,cl1s,1,0.462199866771698,3
2021-06-17,cl1s,1,0.462199866771698,3
2021-06-18,cl1s,1,0.462199866771698,3
2021-06-21,cl1s,1,0.462199866771698,3
2021-06-22,cl1s,0,0.462199866771698,3
2021-06-24,cl1s,1,0.462199866771698,3
2021-06-25,cl1s,1,0.462199866771698,3
2021-06-28,cl1s,1,0.462199866771698,3
2021-06-29,cl1s,1,0.462199866771698,3
2021-06-30,cl1s,0,0.462199866771698,3
2021-07-01,cl1s,0,0.462199866771698,3
2021-07-02,cl1s,0,0.462199866771698,3
2021-07-06,cl1s,0,0.462199866771698,3
2021-07-07,cl1s,0,0.462199866771698,3
2021-07-08,cl1s,0,0.462199866771698,3
2021-07-09,cl1s,0,0.462199866771698,3
2021-07-12,cl1s,0,0.462199866771698,3
2021-07-13,cl1s,0,0.462199866771698,3
2021-07-14,cl1s,0,0.462199866771698,3
2020-01-30,cl1s,1,0.4465598464012146,4
2020-01-31,cl1s,0,0.4465598464012146,4
2020-02-05,cl1s,1,0.4465598464012146,4
2020-02-06,cl1s,1,0.4465598464012146,4
2020-02-07,cl1s,1,0.4465598464012146,4
2020-02-10,cl1s,1,0.4465598464012146,4
2020-02-11,cl1s,0,0.4465598464012146,4
2020-02-12,cl1s,0,0.4465598464012146,4
2020-02-13,cl1s,0,0.4465598464012146,4
2020-02-14,cl1s,0,0.4465598464012146,4
2020-02-18,cl1s,0,0.4465598464012146,4
2020-02-19,cl1s,0,0.4465598464012146,4
2020-02-20,cl1s,0,0.4465598464012146,4
2020-02-21,cl1s,0,0.4465598464012146,4
2020-02-24,cl1s,0,0.4465598464012146,4
2020-02-25,cl1s,0,0.4465598464012146,4
2020-02-26,cl1s,0,0.4465598464012146,4
2020-02-27,cl1s,0,0.4465598464012146,4
2020-02-28,cl1s,0,0.4465598464012146,4
2020-03-18,cl1s,1,0.4509284794330597,4
2020-03-20,cl1s,1,0.4509284794330597,4
2020-03-23,cl1s,0,0.4509284794330597,4
2020-03-24,cl1s,0,0.4509284794330597,4
2020-03-26,cl1s,1,0.4509284794330597,4
2020-03-27,cl1s,1,0.4509284794330597,4
2020-03-30,cl1s,1,0.4509284794330597,4
2020-04-21,cl1s,1,0.4509284794330597,4
2020-04-22,cl1s,1,0.4509284794330597,4
2020-04-23,cl1s,1,0.4509284794330597,4
2020-04-24,cl1s,1,0.4509284794330597,4
2020-04-27,cl1s,1,0.4509284794330597,4
2020-04-28,cl1s,1,0.4509284794330597,4
2020-04-29,cl1s,1,0.4509284794330597,4
2020-04-30,cl1s,1,0.4509284794330597,4
2020-05-01,cl1s,1,0.4509284794330597,4
2020-05-04,cl1s,1,0.4509284794330597,4
2020-05-05,cl1s,1,0.4509284794330597,4
2020-05-06,cl1s,1,0.4509284794330597,4
2020-05-07,cl1s,1,0.4509284794330597,4
2020-05-08,cl1s,1,0.4509284794330597,4
2020-05-11,cl1s,1,0.4509284794330597,4
2020-05-12,cl1s,1,0.4509284794330597,4
2020-05-13,cl1s,1,0.4509284794330597,4
2020-05-14,cl1s,1,0.4509284794330597,4
2020-05-19,cl1s,1,0.4509284794330597,4
2020-05-27,cl1s,1,0.4509284794330597,4
2021-07-15,cl1s,0,0.4465598464012146,4
2021-07-16,cl1s,0,0.4465598464012146,4
2021-07-19,cl1s,1,0.4465598464012146,4
2021-07-20,cl1s,1,0.4465598464012146,4
2021-07-21,cl1s,0,0.4465598464012146,4
2021-07-22,cl1s,0,0.4465598464012146,4
2021-07-23,cl1s,0,0.4465598464012146,4
2021-07-26,cl1s,0,0.4465598464012146,4
2021-07-27,cl1s,0,0.4465598464012146,4
2021-07-28,cl1s,0,0.4465598464012146,4
2021-07-29,cl1s,0,0.4465598464012146,4
2021-07-30,cl1s,0,0.4465598464012146,4
2021-08-02,cl1s,0,0.4465598464012146,4
2021-08-03,cl1s,0,0.4465598464012146,4
2021-08-04,cl1s,0,0.4465598464012146,4
2021-08-05,cl1s,0,0.4465598464012146,4
2021-08-06,cl1s,0,0.4465598464012146,4
2021-08-09,cl1s,0,0.4465598464012146,4
2021-08-10,cl1s,0,0.4465598464012146,4
2021-08-11,cl1s,0,0.4465598464012146,4
2021-08-12,cl1s,0,0.4465598464012146,4
2021-08-13,cl1s,1,0.4465598464012146,4
2021-08-16,cl1s,1,0.4465598464012146,4
2021-08-17,cl1s,1,0.4465598464012146,4
2021-08-18,cl1s,1,0.4465598464012146,4
2021-08-19,cl1s,1,0.4465598464012146,4
2021-08-20,cl1s,1,0.4465598464012146,4
2021-08-23,cl1s,1,0.4465598464012146,4
2021-08-24,cl1s,1,0.4465598464012146,4
2021-08-25,cl1s,0,0.4465598464012146,4
2021-08-26,cl1s,1,0.4465598464012146,4
2021-08-27,cl1s,1,0.4465598464012146,4
2021-08-30,cl1s,1,0.4465598464012146,4
2021-08-31,cl1s,1,0.4465598464012146,4
2021-09-01,cl1s,1,0.4465598464012146,4
2021-09-02,cl1s,1,0.4465598464012146,4
2021-09-03,cl1s,1,0.4465598464012146,4
2021-09-07,cl1s,1,0.4465598464012146,4
2021-09-08,cl1s,1,0.4465598464012146,4
2021-09-09,cl1s,1,0.4465598464012146,4
2021-09-10,cl1s,1,0.4465598464012146,4
2021-09-13,cl1s,1,0.4465598464012146,4
2021-09-14,cl1s,1,0.4465598464012146,4
2021-09-15,cl1s,1,0.4465598464012146,4
2021-09-16,cl1s,1,0.4465598464012146,4
2021-09-17,cl1s,1,0.4465598464012146,4
2021-09-20,cl1s,1,0.4465598464012146,4
2021-09-21,cl1s,1,0.4465598464012146,4
2021-09-22,cl1s,1,0.4465598464012146,4
2020-05-28,cl1s,1,0.768035352230072,5
2020-06-04,cl1s,1,0.768035352230072,5
2020-06-05,cl1s,1,0.768035352230072,5
2020-06-08,cl1s,1,0.768035352230072,5
2020-06-09,cl1s,1,0.7667970061302185,5
2020-06-10,cl1s,0,0.7667970061302185,5
2020-06-11,cl1s,1,0.768035352230072,5
2020-06-12,cl1s,1,0.768035352230072,5
2020-06-17,cl1s,1,0.768035352230072,5
2020-06-18,cl1s,1,0.768035352230072,5
2020-06-19,cl1s,1,0.7667970061302185,5
2020-06-22,cl1s,0,0.768035352230072,5
2020-06-23,cl1s,1,0.768035352230072,5
2020-06-24,cl1s,1,0.768035352230072,5
2020-06-25,cl1s,1,0.768035352230072,5
2020-06-26,cl1s,1,0.768035352230072,5
2020-06-29,cl1s,1,0.768035352230072,5
2020-06-30,cl1s,1,0.768035352230072,5
2020-07-01,cl1s,1,0.768035352230072,5
2020-07-02,cl1s,0,0.768035352230072,5
2020-07-06,cl1s,1,0.768035352230072,5
2020-07-07,cl1s,1,0.768035352230072,5
2020-07-08,cl1s,1,0.768035352230072,5
2020-07-09,cl1s,1,0.768035352230072,5
2020-07-10,cl1s,1,0.768035352230072,5
2020-07-13,cl1s,1,0.7651263475418091,5
2020-07-14,cl1s,1,0.7651263475418091,5
2020-07-15,cl1s,0,0.768035352230072,5
2020-07-16,cl1s,0,0.768035352230072,5
2020-07-17,cl1s,0,0.7661406397819519,5
2020-07-20,cl1s,1,0.7661406397819519,5
2020-07-21,cl1s,0,0.7632153034210205,5
2020-07-22,cl1s,1,0.7661406397819519,5
2020-07-23,cl1s,1,0.7661406397819519,5
2020-07-24,cl1s,0,0.7662860751152039,5
2020-07-27,cl1s,1,0.7632728219032288,5
2020-07-28,cl1s,1,0.7632728219032288,5
2020-07-29,cl1s,1,0.7632728219032288,5
2020-07-30,cl1s,1,0.7691285014152527,5
2020-07-31,cl1s,1,0.7662860751152039,5
2020-08-03,cl1s,1,0.768035352230072,5
2020-08-04,cl1s,1,0.7691285014152527,5
2020-08-21,cl1s,0,0.7662860751152039,5
2020-08-24,cl1s,0,0.7662860751152039,5
2020-08-25,cl1s,0,0.7662860751152039,5
2020-08-26,cl1s,0,0.7632728219032288,5
2020-09-01,cl1s,0,0.7604883909225464,5
2020-09-02,cl1s,0,0.7592224478721619,5
2020-09-16,cl1s,0,0.7241199612617493,5
2020-09-21,cl1s,0,0.7209897041320801,5
2020-09-22,cl1s,1,0.7197515368461609,5
2020-09-23,cl1s,1,0.7209897041320801,5
2020-09-24,cl1s,1,0.7176466584205627,5
2020-09-25,cl1s,1,0.7188904285430908,5
2020-09-28,cl1s,0,0.41110658645629883,5
2020-09-29,cl1s,1,0.7188904285430908,5
2020-09-30,cl1s,1,0.7176466584205627,5
2020-10-01,cl1s,1,0.7188904285430908,5
2020-10-02,cl1s,1,0.7176466584205627,5
2020-10-05,cl1s,1,0.7207562923431396,5
2020-10-07,cl1s,0,0.5601078271865845,5
2020-10-08,cl1s,0,0.5556076169013977,5
2020-10-09,cl1s,0,0.5625898838043213,5
2020-10-12,cl1s,0,0.5579653382301331,5
2020-10-13,cl1s,0,0.5676348805427551,5
2020-10-14,cl1s,0,0.5598477721214294,5
2020-10-15,cl1s,0,0.5643386840820312,5
2020-10-16,cl1s,0,0.5651144981384277,5
2020-10-19,cl1s,0,0.5695930123329163,5
2020-10-20,cl1s,0,0.5687955617904663,5
2020-10-21,cl1s,0,0.5749497413635254,5
2020-10-22,cl1s,0,0.5697756409645081,5
2020-10-23,cl1s,0,0.5712817311286926,5
2020-10-26,cl1s,1,0.5697756409645081,5
2020-10-27,cl1s,0,0.5712817311286926,5
2020-10-28,cl1s,1,0.5575212240219116,5
2020-10-29,cl1s,1,0.5590369701385498,5
2020-10-30,cl1s,1,0.5540681481361389,5
2020-11-02,cl1s,1,0.5590369701385498,5
2020-11-03,cl1s,1,0.5592206120491028,5
2020-11-04,cl1s,1,0.7209761142730713,5
2020-11-05,cl1s,1,0.7197378873825073,5
2020-11-06,cl1s,1,0.7209761142730713,5
2020-11-09,cl1s,1,0.7302094101905823,5
2020-11-10,cl1s,1,0.7302094101905823,5
2020-11-11,cl1s,1,0.7289968729019165,5
2020-11-12,cl1s,1,0.7302094101905823,5
2020-11-13,cl1s,1,0.7289968729019165,5
2020-11-16,cl1s,1,0.7302094101905823,5
2020-11-17,cl1s,1,0.7289968729019165,5
2020-11-18,cl1s,1,0.7334001064300537,5
2020-11-19,cl1s,1,0.7321966886520386,5
2020-05-28,cl1s,1,0.5990714430809021,6
2020-06-04,cl1s,1,0.5990714430809021,6
2020-06-05,cl1s,1,0.5990714430809021,6
2020-06-08,cl1s,1,0.5932801961898804,6
2020-06-09,cl1s,1,0.5932801961898804,6
2020-06-10,cl1s,0,0.5990714430809021,6
2020-06-11,cl1s,1,0.5990714430809021,6
2020-06-12,cl1s,1,0.5990714430809021,6
2020-06-17,cl1s,1,0.5990714430809021,6
2020-06-18,cl1s,1,0.5990714430809021,6
2020-06-19,cl1s,1,0.5990714430809021,6
2020-06-22,cl1s,0,0.5990714430809021,6
2020-06-23,cl1s,1,0.5990714430809021,6
2020-06-24,cl1s,1,0.5990714430809021,6
2020-06-25,cl1s,1,0.5990714430809021,6
2020-06-26,cl1s,1,0.5990714430809021,6
2020-06-29,cl1s,1,0.5952957272529602,6
2020-06-30,cl1s,1,0.5952957272529602,6
2020-07-01,cl1s,1,0.5952957272529602,6
2020-07-02,cl1s,0,0.5952957272529602,6
2020-07-06,cl1s,1,0.5952957272529602,6
2020-07-07,cl1s,1,0.5990714430809021,6
2020-07-08,cl1s,1,0.5990714430809021,6
2020-07-09,cl1s,1,0.5990714430809021,6
2020-07-10,cl1s,1,0.5952957272529602,6
2020-07-13,cl1s,1,0.5952957272529602,6
2020-07-14,cl1s,1,0.5952957272529602,6
2020-07-15,cl1s,0,0.5952957272529602,6
2020-07-16,cl1s,0,0.5952957272529602,6
2020-07-17,cl1s,0,0.5952957272529602,6
2020-07-20,cl1s,1,0.5952957272529602,6
2020-07-21,cl1s,0,0.5952957272529602,6
2020-07-22,cl1s,1,0.5952957272529602,6
2020-07-23,cl1s,1,0.5952957272529602,6
2020-07-24,cl1s,0,0.5952957272529602,6
2020-07-27,cl1s,1,0.5952957272529602,6
2020-07-28,cl1s,1,0.5952957272529602,6
2020-07-29,cl1s,1,0.5952957272529602,6
2020-07-30,cl1s,1,0.5952957272529602,6
2020-07-31,cl1s,1,0.5952957272529602,6
2020-08-03,cl1s,1,0.5952957272529602,6
2020-08-04,cl1s,1,0.5952957272529602,6
2020-08-21,cl1s,0,0.5619989633560181,6
2020-08-24,cl1s,0,0.5650462508201599,6
2020-08-25,cl1s,0,0.570492684841156,6
2020-08-26,cl1s,0,0.5678455829620361,6
2020-11-20,cl1s,1,0.5462505221366882,6
2020-11-23,cl1s,1,0.5462505221366882,6
2020-11-24,cl1s,1,0.5462505221366882,6
2020-12-01,cl1s,1,0.5491885542869568,6
2020-12-02,cl1s,1,0.5637641549110413,6
2020-12-03,cl1s,1,0.5462505221366882,6
2020-12-04,cl1s,1,0.5462505221366882,6
2020-12-07,cl1s,1,0.388033926486969,6
2020-12-08,cl1s,1,0.42108121514320374,6
2020-12-09,cl1s,1,0.42108121514320374,6
2020-12-11,cl1s,1,0.5289205312728882,6
2021-01-04,cl1s,1,0.39495959877967834,6
2021-01-05,cl1s,1,0.4449111819267273,6
2021-01-06,cl1s,1,0.5701873898506165,6
2021-01-07,cl1s,1,0.5701873898506165,6
2021-01-08,cl1s,1,0.5701873898506165,6
2021-01-11,cl1s,1,0.5546265840530396,6
2021-01-15,cl1s,1,0.5736216306686401,6
2021-01-19,cl1s,1,0.5649285316467285,6
2021-01-20,cl1s,1,0.5794944167137146,6
2021-01-21,cl1s,1,0.5764724612236023,6
2021-02-04,cl1s,0,0.37915223836898804,6
2021-02-05,cl1s,0,0.37915223836898804,6
2021-02-08,cl1s,0,0.3270426094532013,6
2021-02-09,cl1s,0,0.3402416408061981,6
2021-02-10,cl1s,0,0.33583909273147583,6
2021-02-11,cl1s,0,0.3661259710788727,6
2021-02-12,cl1s,0,0.33583909273147583,6
2021-02-16,cl1s,0,0.33583909273147583,6
2021-02-17,cl1s,0,0.3327197730541229,6
2021-02-18,cl1s,0,0.3351384997367859,6
2021-02-19,cl1s,0,0.33308130502700806,6
2021-02-22,cl1s,0,0.33572110533714294,6
2021-02-23,cl1s,0,0.3490174412727356,6
2021-02-24,cl1s,0,0.3443188965320587,6
2021-02-25,cl1s,0,0.3536517918109894,6
2021-03-05,cl1s,1,0.33286434412002563,6
2021-03-08,cl1s,1,0.33613860607147217,6
2021-04-15,cl1s,1,0.5772523283958435,6
2021-04-16,cl1s,1,0.3929269313812256,6
2021-04-19,cl1s,1,0.3929269313812256,6
2021-04-20,cl1s,1,0.3970697224140167,6
2021-04-21,cl1s,1,0.4662928283214569,6
2021-04-22,cl1s,1,0.5883550643920898,6
2021-04-23,cl1s,1,0.5822417736053467,6
2021-04-26,cl1s,1,0.5710943937301636,6
2020-05-28,cl1s,1,0.5744438171386719,7
2020-06-04,cl1s,1,0.5401197075843811,7
2020-06-05,cl1s,1,0.5401197075843811,7
2020-06-08,cl1s,1,0.5401197075843811,7
2020-06-09,cl1s,1,0.5401197075843811,7
2020-06-10,cl1s,0,0.5401197075843811,7
2020-06-11,cl1s,1,0.5744438171386719,7
2020-06-12,cl1s,1,0.5744438171386719,7
2020-06-17,cl1s,1,0.5744438171386719,7
2020-06-18,cl1s,1,0.5744438171386719,7
2020-06-19,cl1s,1,0.5744438171386719,7
2020-06-22,cl1s,0,0.5744438171386719,7
2020-06-23,cl1s,1,0.5744438171386719,7
2020-06-24,cl1s,1,0.5744438171386719,7
2020-06-25,cl1s,1,0.5744438171386719,7
2020-06-26,cl1s,1,0.5744438171386719,7
2020-06-29,cl1s,1,0.5744438171386719,7
2020-06-30,cl1s,1,0.5744438171386719,7
2020-07-01,cl1s,1,0.5744438171386719,7
2020-07-02,cl1s,0,0.5744438171386719,7
2020-07-06,cl1s,1,0.5744438171386719,7
2020-07-07,cl1s,1,0.5744438171386719,7
2020-07-08,cl1s,1,0.5744438171386719,7
2020-07-09,cl1s,1,0.5744438171386719,7
2020-07-10,cl1s,1,0.5744438171386719,7
2020-07-13,cl1s,1,0.5702502727508545,7
2020-07-14,cl1s,1,0.5744438171386719,7
2020-07-15,cl1s,0,0.5744438171386719,7
2020-07-16,cl1s,0,0.5744438171386719,7
2020-07-17,cl1s,0,0.5744438171386719,7
2020-07-20,cl1s,1,0.5744438171386719,7
2020-07-21,cl1s,0,0.5744438171386719,7
2020-07-22,cl1s,1,0.5744438171386719,7
2020-07-23,cl1s,1,0.5744438171386719,7
2020-07-24,cl1s,0,0.5744438171386719,7
2020-07-27,cl1s,1,0.5744438171386719,7
2020-07-28,cl1s,1,0.5744438171386719,7
2020-07-29,cl1s,1,0.5744438171386719,7
2020-07-30,cl1s,1,0.5744438171386719,7
2020-07-31,cl1s,1,0.5744438171386719,7
2020-08-03,cl1s,1,0.5744438171386719,7
2020-08-04,cl1s,1,0.5744438171386719,7
2020-08-21,cl1s,0,0.5643150806427002,7
2020-08-24,cl1s,0,0.5365929007530212,7
2020-08-25,cl1s,0,0.5243514180183411,7
2020-08-26,cl1s,0,0.5365929007530212,7
2021-04-27,cl1s,1,0.5217785239219666,7
2021-04-28,cl1s,1,0.5195106267929077,7
2021-04-29,cl1s,0,0.5195106267929077,7
2021-04-30,cl1s,1,0.5195106267929077,7
2021-05-03,cl1s,1,0.5162789225578308,7
2021-05-04,cl1s,0,0.5162789225578308,7
2021-05-05,cl1s,0,0.5188541412353516,7
2021-05-12,cl1s,1,0.5188541412353516,7
2021-05-14,cl1s,1,0.5211223363876343,7
2021-05-17,cl1s,1,0.5142693519592285,7
2021-05-19,cl1s,1,0.5185479521751404,7
2021-05-20,cl1s,1,0.5185479521751404,7
2021-05-21,cl1s,1,0.5185479521751404,7
2021-05-24,cl1s,1,0.5185479521751404,7
2021-05-25,cl1s,1,0.5185479521751404,7
2021-05-26,cl1s,1,0.5185479521751404,7
2021-05-27,cl1s,1,0.5185479521751404,7
2021-05-28,cl1s,1,0.5185479521751404,7
2021-06-01,cl1s,1,0.5162789225578308,7
2021-06-02,cl1s,1,0.5162789225578308,7
2021-06-03,cl1s,1,0.5162789225578308,7
2021-06-04,cl1s,1,0.5162789225578308,7
2021-06-07,cl1s,1,0.5162789225578308,7
2021-06-08,cl1s,1,0.5188541412353516,7
2021-06-09,cl1s,1,0.5188541412353516,7
2021-06-10,cl1s,1,0.5188541412353516,7
2021-06-15,cl1s,1,0.5188541412353516,7
2021-06-16,cl1s,1,0.5188541412353516,7
2021-06-17,cl1s,1,0.5072953104972839,7
2021-06-18,cl1s,1,0.38165798783302307,7
2021-06-21,cl1s,1,0.3594796657562256,7
2021-06-22,cl1s,0,0.4934374988079071,7
2021-06-24,cl1s,1,0.5030473470687866,7
2021-06-25,cl1s,1,0.5007755756378174,7
2021-06-28,cl1s,1,0.5120338797569275,7
2021-06-29,cl1s,1,0.5120338797569275,7
2021-06-30,cl1s,0,0.5120338797569275,7
2021-07-01,cl1s,0,0.5120338797569275,7
2021-07-02,cl1s,0,0.5120338797569275,7
2021-07-06,cl1s,0,0.5003365874290466,7
2021-07-07,cl1s,0,0.398853063583374,7
2021-07-08,cl1s,0,0.3818506598472595,7
2021-07-09,cl1s,0,0.366119384765625,7
2021-07-12,cl1s,0,0.36590293049812317,7
2021-07-13,cl1s,0,0.3868905007839203,7
2021-07-14,cl1s,0,0.5039401054382324,7
2020-05-28,cl1s,1,0.8001075387001038,8
2020-06-04,cl1s,1,0.7857699990272522,8
2020-06-05,cl1s,1,0.7857699990272522,8
2020-06-08,cl1s,1,0.7857699990272522,8
2020-06-09,cl1s,1,0.7857699990272522,8
2020-06-10,cl1s,0,0.7857699990272522,8
2020-06-11,cl1s,1,0.8001075387001038,8
2020-06-12,cl1s,1,0.8001075387001038,8
2020-06-17,cl1s,1,0.8001075387001038,8
2020-06-18,cl1s,1,0.8001075387001038,8
2020-06-19,cl1s,1,0.8001075387001038,8
2020-06-22,cl1s,0,0.7969301342964172,8
2020-06-23,cl1s,1,0.8001075387001038,8
2020-06-24,cl1s,1,0.8001075387001038,8
2020-06-25,cl1s,1,0.8001075387001038,8
2020-06-26,cl1s,1,0.8001075387001038,8
2020-06-29,cl1s,1,0.8001075387001038,8
2020-06-30,cl1s,1,0.8001075387001038,8
2020-07-01,cl1s,1,0.8001075387001038,8
2020-07-02,cl1s,0,0.7969301342964172,8
2020-07-06,cl1s,1,0.7969301342964172,8
2020-07-07,cl1s,1,0.7969301342964172,8
2020-07-08,cl1s,1,0.7951610684394836,8
2020-07-09,cl1s,1,0.7951610684394836,8
2020-07-10,cl1s,1,0.7985340356826782,8
2020-07-13,cl1s,1,0.7899653911590576,8
2020-07-14,cl1s,1,0.7985340356826782,8
2020-07-15,cl1s,0,0.7953381538391113,8
2020-07-16,cl1s,0,0.7935587763786316,8
2020-07-17,cl1s,0,0.7935587763786316,8
2020-07-20,cl1s,1,0.7935587763786316,8
2020-07-21,cl1s,0,0.7935587763786316,8
2020-07-22,cl1s,1,0.7935587763786316,8
2020-07-23,cl1s,1,0.7935587763786316,8
2020-07-24,cl1s,0,0.7967753410339355,8
2020-07-27,cl1s,1,0.7935587763786316,8
2020-07-28,cl1s,1,0.7950562834739685,8
2020-07-29,cl1s,1,0.7950562834739685,8
2020-07-30,cl1s,1,0.7935587763786316,8
2020-07-31,cl1s,1,0.7918195128440857,8
2020-08-03,cl1s,1,0.7935587763786316,8
2020-08-04,cl1s,1,0.7953381538391113,8
2020-08-21,cl1s,0,0.6165100336074829,8
2020-08-24,cl1s,0,0.6049336194992065,8
2020-08-25,cl1s,0,0.6028224229812622,8
2020-08-26,cl1s,0,0.6049336194992065,8
2021-07-15,cl1s,0,0.48537254333496094,8
2021-07-16,cl1s,0,0.22293829917907715,8
2021-07-19,cl1s,1,0.23502738773822784,8
2021-07-20,cl1s,1,0.23699209094047546,8
2021-07-21,cl1s,0,0.23699209094047546,8
2021-07-22,cl1s,0,0.23623009026050568,8
2021-07-23,cl1s,0,0.23795239627361298,8
2021-07-26,cl1s,0,0.239658385515213,8
2021-07-27,cl1s,0,0.24060210585594177,8
2021-07-28,cl1s,0,0.23871348798274994,8
2021-07-29,cl1s,0,0.23701214790344238,8
2021-07-30,cl1s,0,0.23871348798274994,8
2021-08-02,cl1s,0,0.2336101084947586,8
2021-08-03,cl1s,0,0.23529453575611115,8
2021-08-04,cl1s,0,0.23454098403453827,8
2021-08-05,cl1s,0,0.22751402854919434,8
2021-08-06,cl1s,0,0.22586879134178162,8
2021-08-09,cl1s,0,0.2292906790971756,8
2021-08-10,cl1s,0,0.2308540940284729,8
2021-08-11,cl1s,0,0.3018973171710968,8
2021-08-12,cl1s,0,0.5753291249275208,8
2021-08-13,cl1s,1,0.5717635750770569,8
2021-08-16,cl1s,1,0.5670048594474792,8
2021-08-17,cl1s,1,0.46167534589767456,8
2021-08-18,cl1s,1,0.5537442564964294,8
2021-08-19,cl1s,1,0.5537442564964294,8
2021-08-20,cl1s,1,0.5572978854179382,8
2021-08-23,cl1s,1,0.23623009026050568,8
2021-08-24,cl1s,1,0.2336101084947586,8
2021-08-25,cl1s,0,0.23701214790344238,8
2021-08-26,cl1s,1,0.23701214790344238,8
2021-08-27,cl1s,1,0.54069584608078,8
2021-08-30,cl1s,1,0.5383642315864563,8
2021-08-31,cl1s,1,0.5390369892120361,8
2021-09-01,cl1s,1,0.5293639898300171,8
2021-09-02,cl1s,1,0.534335732460022,8
2021-09-03,cl1s,1,0.5293639898300171,8
2021-09-07,cl1s,1,0.5364062190055847,8
2021-09-08,cl1s,1,0.535363495349884,8
2021-09-09,cl1s,1,0.5255112648010254,8
2021-09-10,cl1s,1,0.5231705904006958,8
2021-09-13,cl1s,1,0.527176022529602,8
2021-09-14,cl1s,1,0.5201190114021301,8
2021-09-15,cl1s,1,0.5346559286117554,8
2021-09-16,cl1s,1,0.5323202013969421,8
2021-09-17,cl1s,1,0.5224609971046448,8
2021-09-20,cl1s,1,0.5258399248123169,8
2021-09-21,cl1s,1,0.5281793475151062,8
2021-09-22,cl1s,1,0.5258399248123169,8
2020-09-01,cl1s,0,0.4831169545650482,9
2020-09-02,cl1s,0,0.4831169545650482,9
2020-09-16,cl1s,0,0.4859796166419983,9
2020-09-21,cl1s,0,0.4859796166419983,9
2020-09-22,cl1s,1,0.4859796166419983,9
2020-09-23,cl1s,1,0.4859796166419983,9
2020-09-24,cl1s,1,0.4859796166419983,9
2020-09-25,cl1s,1,0.4859796166419983,9
2020-09-28,cl1s,0,0.48118963837623596,9
2020-09-29,cl1s,1,0.4859796166419983,9
2020-09-30,cl1s,1,0.4859796166419983,9
2020-10-01,cl1s,1,0.4859796166419983,9
2020-10-02,cl1s,1,0.4859796166419983,9
2020-10-05,cl1s,1,0.4859796166419983,9
2020-10-07,cl1s,0,0.4831169545650482,9
2020-10-08,cl1s,0,0.4831169545650482,9
2020-10-09,cl1s,0,0.4831169545650482,9
2020-10-12,cl1s,0,0.4831169545650482,9
2020-10-13,cl1s,0,0.4831169545650482,9
2020-10-14,cl1s,0,0.4831169545650482,9
2020-10-15,cl1s,0,0.4831169545650482,9
2020-10-16,cl1s,0,0.4831169545650482,9
2020-10-19,cl1s,0,0.4831169545650482,9
2020-10-20,cl1s,0,0.4831169545650482,9
2020-10-21,cl1s,0,0.4831169545650482,9
2020-10-22,cl1s,0,0.4831169545650482,9
2020-10-23,cl1s,0,0.4831169545650482,9
2020-10-26,cl1s,1,0.4859796166419983,9
2020-10-27,cl1s,0,0.4859796166419983,9
2020-10-28,cl1s,1,0.4859796166419983,9
2020-10-29,cl1s,1,0.4859796166419983,9
2020-10-30,cl1s,1,0.4859796166419983,9
2020-11-02,cl1s,1,0.4859796166419983,9
2020-11-03,cl1s,1,0.4859796166419983,9
2020-11-04,cl1s,1,0.4831169545650482,9
2020-11-05,cl1s,1,0.4831169545650482,9
2020-11-06,cl1s,1,0.4831169545650482,9
2020-11-09,cl1s,1,0.4831169545650482,9
2020-11-10,cl1s,1,0.4831169545650482,9
2020-11-11,cl1s,1,0.4831169545650482,9
2020-11-12,cl1s,1,0.4831169545650482,9
2020-11-13,cl1s,1,0.4831169545650482,9
2020-11-16,cl1s,1,0.4831169545650482,9
2020-11-17,cl1s,1,0.4831169545650482,9
2020-11-18,cl1s,1,0.4831169545650482,9
2020-11-19,cl1s,1,0.4831169545650482,9
2020-11-20,cl1s,1,0.4831169545650482,9
2020-11-23,cl1s,1,0.4831169545650482,9
2020-11-24,cl1s,1,0.4831169545650482,9
2020-12-01,cl1s,1,0.4831169545650482,9
2020-12-02,cl1s,1,0.4831169545650482,9
2020-12-03,cl1s,1,0.4831169545650482,9
2020-12-04,cl1s,1,0.4831169545650482,9
2020-12-07,cl1s,1,0.4831169545650482,9
2020-12-08,cl1s,1,0.4831169545650482,9
2020-12-09,cl1s,1,0.4831169545650482,9
2020-12-11,cl1s,1,0.4831169545650482,9
2021-01-04,cl1s,1,0.4831169545650482,9
2021-01-05,cl1s,1,0.4831169545650482,9
2021-01-06,cl1s,1,0.4831169545650482,9
2021-01-07,cl1s,1,0.4831169545650482,9
2021-01-08,cl1s,1,0.4831169545650482,9
2021-01-11,cl1s,1,0.4831169545650482,9
2021-01-15,cl1s,1,0.4831169545650482,9
2021-01-19,cl1s,1,0.4831169545650482,9
2021-01-20,cl1s,1,0.4831169545650482,9
2021-01-21,cl1s,1,0.4831169545650482,9
2021-02-04,cl1s,0,0.4753822088241577,9
2021-02-05,cl1s,0,0.4753822088241577,9
2021-02-08,cl1s,0,0.4753822088241577,9
2021-02-09,cl1s,0,0.4753822088241577,9
2021-02-10,cl1s,0,0.4753822088241577,9
2021-02-11,cl1s,0,0.4753822088241577,9
2021-02-12,cl1s,0,0.4753822088241577,9
2021-02-16,cl1s,0,0.4753822088241577,9
2021-02-17,cl1s,0,0.4753822088241577,9
2021-02-18,cl1s,0,0.4753822088241577,9
2021-02-19,cl1s,0,0.4753822088241577,9
2021-02-22,cl1s,0,0.4753822088241577,9
2021-02-23,cl1s,0,0.4753822088241577,9
2021-02-24,cl1s,0,0.4753822088241577,9
2021-02-25,cl1s,0,0.4753822088241577,9
2021-03-05,cl1s,1,0.4753822088241577,9
2021-03-08,cl1s,1,0.4753822088241577,9
2021-04-15,cl1s,1,0.4831169545650482,9
2021-04-16,cl1s,1,0.4831169545650482,9
2021-04-19,cl1s,1,0.4831169545650482,9
2021-04-20,cl1s,1,0.4831169545650482,9
2021-04-21,cl1s,1,0.4831169545650482,9
2021-04-22,cl1s,1,0.4831169545650482,9
2021-04-23,cl1s,1,0.4831169545650482,9
2021-04-26,cl1s,1,0.4831169545650482,9
2020-09-01,cl1s,0,0.5199841856956482,10
2020-09-02,cl1s,0,0.5171331167221069,10
2020-09-16,cl1s,0,0.5281537175178528,10
2020-09-21,cl1s,0,0.525989830493927,10
2020-09-22,cl1s,1,0.5231418013572693,10
2020-09-23,cl1s,1,0.525989830493927,10
2020-09-24,cl1s,1,0.5231418013572693,10
2020-09-25,cl1s,1,0.5231418013572693,10
2020-09-28,cl1s,0,0.5209127068519592,10
2020-09-29,cl1s,1,0.5231418013572693,10
2020-09-30,cl1s,1,0.5209127068519592,10
2020-10-01,cl1s,1,0.5237619280815125,10
2020-10-02,cl1s,1,0.525989830493927,10
2020-10-05,cl1s,1,0.6449902057647705,10
2020-10-07,cl1s,0,0.4215439260005951,10
2020-10-08,cl1s,0,0.42382940649986267,10
2020-10-09,cl1s,0,0.4216492772102356,10
2020-10-12,cl1s,0,0.4214872121810913,10
2020-10-13,cl1s,0,0.42377257347106934,10
2020-10-14,cl1s,0,0.4179050326347351,10
2020-10-15,cl1s,0,0.42380568385124207,10
2020-10-16,cl1s,0,0.42380568385124207,10
2020-10-19,cl1s,0,0.41793808341026306,10
2020-10-20,cl1s,0,0.41793808341026306,10
2020-10-21,cl1s,0,0.4216149151325226,10
2020-10-22,cl1s,0,0.42382940649986267,10
2020-10-23,cl1s,0,0.42380568385124207,10
2020-10-26,cl1s,1,0.42152029275894165,10
2020-10-27,cl1s,0,0.4200798571109772,10
2020-10-28,cl1s,1,0.4236670732498169,10
2020-10-29,cl1s,1,0.4236670732498169,10
2020-10-30,cl1s,1,0.42152029275894165,10
2020-11-02,cl1s,1,0.4236670732498169,10
2020-11-03,cl1s,1,0.4236670732498169,10
2020-11-04,cl1s,1,0.6448031067848206,10
2020-11-05,cl1s,1,0.6421833038330078,10
2020-11-06,cl1s,1,0.6356963515281677,10
2020-11-09,cl1s,1,0.6448031067848206,10
2020-11-10,cl1s,1,0.6448031067848206,10
2020-11-11,cl1s,1,0.6428077816963196,10
2020-11-12,cl1s,1,0.6401814818382263,10
2020-11-13,cl1s,1,0.6358502507209778,10
2020-11-16,cl1s,1,0.6378625631332397,10
2020-11-17,cl1s,1,0.6358277797698975,10
2020-11-18,cl1s,1,0.6378938555717468,10
2020-11-19,cl1s,1,0.6358277797698975,10
2021-04-27,cl1s,1,0.6250531077384949,10
2021-04-28,cl1s,1,0.6293319463729858,10
2021-04-29,cl1s,0,0.6316184401512146,10
2021-04-30,cl1s,1,0.6315179467201233,10
2021-05-03,cl1s,1,0.6336946487426758,10
2021-05-04,cl1s,0,0.6357120275497437,10
2021-05-05,cl1s,0,0.6357120275497437,10
2021-05-12,cl1s,1,0.6293639540672302,10
2021-05-14,cl1s,1,0.635106086730957,10
2021-05-17,cl1s,1,0.631359338760376,10
2021-05-19,cl1s,1,0.6367096900939941,10
2021-05-20,cl1s,1,0.6344050168991089,10
2021-05-21,cl1s,1,0.6406667232513428,10
2021-05-24,cl1s,1,0.6365745067596436,10
2021-05-25,cl1s,1,0.6309869885444641,10
2021-05-26,cl1s,1,0.6309869885444641,10
2021-05-27,cl1s,1,0.6336420178413391,10
2021-05-28,cl1s,1,0.6356819868087769,10
2021-06-01,cl1s,1,0.635106086730957,10
2021-06-02,cl1s,1,0.6400439739227295,10
2021-06-03,cl1s,1,0.638014554977417,10
2021-06-04,cl1s,1,0.6489704847335815,10
2021-06-07,cl1s,1,0.6489704847335815,10
2021-06-08,cl1s,1,0.6489704847335815,10
2021-06-09,cl1s,1,0.6489704847335815,10
2021-06-10,cl1s,1,0.6469326019287109,10
2021-06-15,cl1s,1,0.5207566022872925,10
2021-06-16,cl1s,1,0.5207566022872925,10
2021-06-17,cl1s,1,0.5179058909416199,10
2021-06-18,cl1s,1,0.2812674641609192,10
2021-06-21,cl1s,1,0.2812674641609192,10
2021-06-22,cl1s,0,0.4757847785949707,10
2021-06-24,cl1s,1,0.49134963750839233,10
2021-06-25,cl1s,1,0.4864133596420288,10
2021-06-28,cl1s,1,0.4864133596420288,10
2021-06-29,cl1s,1,0.4864133596420288,10
2021-06-30,cl1s,0,0.4864133596420288,10
2021-07-01,cl1s,0,0.4826362431049347,10
2021-07-02,cl1s,0,0.4864133596420288,10
2021-07-06,cl1s,0,0.4835929274559021,10
2021-07-07,cl1s,0,0.2801562547683716,10
2021-07-08,cl1s,0,0.28214138746261597,10
2021-07-09,cl1s,0,0.2841361463069916,10
2021-07-12,cl1s,0,0.27928608655929565,10
2021-07-13,cl1s,0,0.27928608655929565,10
2021-07-14,cl1s,0,0.456826776266098,10
2020-09-01,cl1s,0,0.4634721279144287,11
2020-09-02,cl1s,0,0.4579956531524658,11
2020-09-16,cl1s,0,0.47536757588386536,11
2020-09-21,cl1s,0,0.4692951738834381,11
2020-09-22,cl1s,1,0.45857545733451843,11
2020-09-23,cl1s,1,0.4692951738834381,11
2020-09-24,cl1s,1,0.45857545733451843,11
2020-09-25,cl1s,1,0.4611372649669647,11
2020-09-28,cl1s,0,0.45857545733451843,11
2020-09-29,cl1s,1,0.45857545733451843,11
2020-09-30,cl1s,1,0.4611372649669647,11
2020-10-01,cl1s,1,0.4692951738834381,11
2020-10-02,cl1s,1,0.4692951738834381,11
2020-10-05,cl1s,1,0.6369540691375732,11
2020-10-07,cl1s,0,0.4303092062473297,11
2020-10-08,cl1s,0,0.42260637879371643,11
2020-10-09,cl1s,0,0.4356203079223633,11
2020-10-12,cl1s,0,0.4386734366416931,11
2020-10-13,cl1s,0,0.4386734366416931,11
2020-10-14,cl1s,0,0.4335877299308777,11
2020-10-15,cl1s,0,0.43105649948120117,11
2020-10-16,cl1s,0,0.4361353814601898,11
2020-10-19,cl1s,0,0.4361353814601898,11
2020-10-20,cl1s,0,0.42840662598609924,11
2020-10-21,cl1s,0,0.4386734366416931,11
2020-10-22,cl1s,0,0.4386734366416931,11
2020-10-23,cl1s,0,0.4386734366416931,11
2020-10-26,cl1s,1,0.4361353814601898,11
2020-10-27,cl1s,0,0.4386734366416931,11
2020-10-28,cl1s,1,0.4303092062473297,11
2020-10-29,cl1s,1,0.4383654296398163,11
2020-10-30,cl1s,1,0.4358278214931488,11
2020-11-02,cl1s,1,0.4383654296398163,11
2020-11-03,cl1s,1,0.4383654296398163,11
2020-11-04,cl1s,1,0.6439759135246277,11
2020-11-05,cl1s,1,0.6364229321479797,11
2020-11-06,cl1s,1,0.6364229321479797,11
2020-11-09,cl1s,1,0.6445599794387817,11
2020-11-10,cl1s,1,0.6445599794387817,11
2020-11-11,cl1s,1,0.6445599794387817,11
2020-11-12,cl1s,1,0.6419832706451416,11
2020-11-13,cl1s,1,0.6442626714706421,11
2020-11-16,cl1s,1,0.6370123624801636,11
2020-11-17,cl1s,1,0.634624183177948,11
2020-11-18,cl1s,1,0.634624183177948,11
2020-11-19,cl1s,1,0.634624183177948,11
2021-07-15,cl1s,0,0.41229447722435,11
2021-07-16,cl1s,0,0.25081679224967957,11
2021-07-19,cl1s,1,0.2790085971355438,11
2021-07-20,cl1s,1,0.2744937241077423,11
2021-07-21,cl1s,0,0.28108808398246765,11
2021-07-22,cl1s,0,0.2790085971355438,11
2021-07-23,cl1s,0,0.2676575183868408,11
2021-07-26,cl1s,0,0.2676575183868408,11
2021-07-27,cl1s,0,0.2697698473930359,11
2021-07-28,cl1s,0,0.26352643966674805,11
2021-07-29,cl1s,0,0.26352643966674805,11
2021-07-30,cl1s,0,0.2615296244621277,11
2021-08-02,cl1s,0,0.2696840465068817,11
2021-08-03,cl1s,0,0.2696840465068817,11
2021-08-04,cl1s,0,0.2696840465068817,11
2021-08-05,cl1s,0,0.2696840465068817,11
2021-08-06,cl1s,0,0.27848342061042786,11
2021-08-09,cl1s,0,0.27848342061042786,11
2021-08-10,cl1s,0,0.27848342061042786,11
2021-08-11,cl1s,0,0.30060726404190063,11
2021-08-12,cl1s,0,0.4721449017524719,11
2021-08-13,cl1s,1,0.4611372649669647,11
2021-08-16,cl1s,1,0.4468996226787567,11
2021-08-17,cl1s,1,0.38853326439857483,11
2021-08-18,cl1s,1,0.4443516731262207,11
2021-08-19,cl1s,1,0.4443516731262207,11
2021-08-20,cl1s,1,0.4411884844303131,11
2021-08-23,cl1s,1,0.2696840465068817,11
2021-08-24,cl1s,1,0.2696840465068817,11
2021-08-25,cl1s,0,0.2676575183868408,11
2021-08-26,cl1s,1,0.2696840465068817,11
2021-08-27,cl1s,1,0.4588976502418518,11
2021-08-30,cl1s,1,0.4588976502418518,11
2021-08-31,cl1s,1,0.4692951738834381,11
2021-09-01,cl1s,1,0.45501840114593506,11
2021-09-02,cl1s,1,0.4391287565231323,11
2021-09-03,cl1s,1,0.45501840114593506,11
2021-09-07,cl1s,1,0.45501840114593506,11
2021-09-08,cl1s,1,0.45501840114593506,11
2021-09-09,cl1s,1,0.45501840114593506,11
2021-09-10,cl1s,1,0.45501840114593506,11
2021-09-13,cl1s,1,0.4447588324546814,11
2021-09-14,cl1s,1,0.4447588324546814,11
2021-09-15,cl1s,1,0.4447588324546814,11
2021-09-16,cl1s,1,0.4422133266925812,11
2021-09-17,cl1s,1,0.4499950408935547,11
2021-09-20,cl1s,1,0.45246201753616333,11
2021-09-21,cl1s,1,0.4499950408935547,11
2021-09-22,cl1s,1,0.4448820948600769,11
2020-11-20,cl1s,1,0.4656170904636383,12
2020-11-23,cl1s,1,0.4656170904636383,12
2020-11-24,cl1s,1,0.46208786964416504,12
2020-12-01,cl1s,1,0.46208786964416504,12
2020-12-02,cl1s,1,0.45883265137672424,12
2020-12-03,cl1s,1,0.46208786964416504,12
2020-12-04,cl1s,1,0.45883265137672424,12
2020-12-07,cl1s,1,0.45883265137672424,12
2020-12-08,cl1s,1,0.45883265137672424,12
2020-12-09,cl1s,1,0.45883265137672424,12
2020-12-11,cl1s,1,0.45883265137672424,12
2021-01-04,cl1s,1,0.4656170904636383,12
2021-01-05,cl1s,1,0.4656170904636383,12
2021-01-06,cl1s,1,0.4656170904636383,12
2021-01-07,cl1s,1,0.45883265137672424,12
2021-01-08,cl1s,1,0.45883265137672424,12
2021-01-11,cl1s,1,0.4656170904636383,12
2021-01-15,cl1s,1,0.4656170904636383,12
2021-01-19,cl1s,1,0.46208786964416504,12
2021-01-20,cl1s,1,0.46208786964416504,12
2021-01-21,cl1s,1,0.45883265137672424,12
2021-02-04,cl1s,0,0.45883265137672424,12
2021-02-05,cl1s,0,0.45883265137672424,12
2021-02-08,cl1s,0,0.45883265137672424,12
2021-02-09,cl1s,0,0.45883265137672424,12
2021-02-10,cl1s,0,0.45883265137672424,12
2021-02-11,cl1s,0,0.45883265137672424,12
2021-02-12,cl1s,0,0.45883265137672424,12
2021-02-16,cl1s,0,0.45883265137672424,12
2021-02-17,cl1s,0,0.45883265137672424,12
2021-02-18,cl1s,0,0.45883265137672424,12
2021-02-19,cl1s,0,0.45883265137672424,12
2021-02-22,cl1s,0,0.45883265137672424,12
2021-02-23,cl1s,0,0.45883265137672424,12
2021-02-24,cl1s,0,0.45883265137672424,12
2021-02-25,cl1s,0,0.45883265137672424,12
2021-03-05,cl1s,1,0.45883265137672424,12
2021-03-08,cl1s,1,0.45883265137672424,12
2021-04-15,cl1s,1,0.45883265137672424,12
2021-04-16,cl1s,1,0.45883265137672424,12
2021-04-19,cl1s,1,0.45883265137672424,12
2021-04-20,cl1s,1,0.45883265137672424,12
2021-04-21,cl1s,1,0.45883265137672424,12
2021-04-22,cl1s,1,0.45883265137672424,12
2021-04-23,cl1s,1,0.45883265137672424,12
2021-04-26,cl1s,1,0.45883265137672424,12
2021-04-27,cl1s,1,0.45883265137672424,12
2021-04-28,cl1s,1,0.45883265137672424,12
2021-04-29,cl1s,0,0.45883265137672424,12
2021-04-30,cl1s,1,0.45883265137672424,12
2021-05-03,cl1s,1,0.45883265137672424,12
2021-05-04,cl1s,0,0.45883265137672424,12
2021-05-05,cl1s,0,0.45883265137672424,12
2021-05-12,cl1s,1,0.45883265137672424,12
2021-05-14,cl1s,1,0.45883265137672424,12
2021-05-17,cl1s,1,0.45883265137672424,12
2021-05-19,cl1s,1,0.45883265137672424,12
2021-05-20,cl1s,1,0.45883265137672424,12
2021-05-21,cl1s,1,0.45883265137672424,12
2021-05-24,cl1s,1,0.45883265137672424,12
2021-05-25,cl1s,1,0.45883265137672424,12
2021-05-26,cl1s,1,0.45883265137672424,12
2021-05-27,cl1s,1,0.45883265137672424,12
2021-05-28,cl1s,1,0.45883265137672424,12
2021-06-01,cl1s,1,0.45883265137672424,12
2021-06-02,cl1s,1,0.45883265137672424,12
2021-06-03,cl1s,1,0.45883265137672424,12
2021-06-04,cl1s,1,0.45883265137672424,12
2021-06-07,cl1s,1,0.45883265137672424,12
2021-06-08,cl1s,1,0.45883265137672424,12
2021-06-09,cl1s,1,0.45883265137672424,12
2021-06-10,cl1s,1,0.45883265137672424,12
2021-06-15,cl1s,1,0.45883265137672424,12
2021-06-16,cl1s,1,0.45883265137672424,12
2021-06-17,cl1s,1,0.45883265137672424,12
2021-06-18,cl1s,1,0.45883265137672424,12
2021-06-21,cl1s,1,0.45883265137672424,12
2021-06-22,cl1s,0,0.45883265137672424,12
2021-06-24,cl1s,1,0.45883265137672424,12
2021-06-25,cl1s,1,0.45883265137672424,12
2021-06-28,cl1s,1,0.45883265137672424,12
2021-06-29,cl1s,1,0.45883265137672424,12
2021-06-30,cl1s,0,0.45883265137672424,12
2021-07-01,cl1s,0,0.45883265137672424,12
2021-07-02,cl1s,0,0.45883265137672424,12
2021-07-06,cl1s,0,0.45883265137672424,12
2021-07-07,cl1s,0,0.45883265137672424,12
2021-07-08,cl1s,0,0.45883265137672424,12
2021-07-09,cl1s,0,0.45883265137672424,12
2021-07-12,cl1s,0,0.45883265137672424,12
2021-07-13,cl1s,0,0.45883265137672424,12
2021-07-14,cl1s,0,0.45883265137672424,12
2020-11-20,cl1s,1,0.43952956795692444,13
2020-11-23,cl1s,1,0.43952956795692444,13
2020-11-24,cl1s,1,0.43952956795692444,13
2020-12-01,cl1s,1,0.43952956795692444,13
2020-12-02,cl1s,1,0.4347265958786011,13
2020-12-03,cl1s,1,0.43952956795692444,13
2020-12-04,cl1s,1,0.4347265958786011,13
2020-12-07,cl1s,1,0.4347265958786011,13
2020-12-08,cl1s,1,0.4347265958786011,13
2020-12-09,cl1s,1,0.4347265958786011,13
2020-12-11,cl1s,1,0.4347265958786011,13
2021-01-04,cl1s,1,0.43952956795692444,13
2021-01-05,cl1s,1,0.43952956795692444,13
2021-01-06,cl1s,1,0.43952956795692444,13
2021-01-07,cl1s,1,0.4347265958786011,13
2021-01-08,cl1s,1,0.4347265958786011,13
2021-01-11,cl1s,1,0.43952956795692444,13
2021-01-15,cl1s,1,0.43952956795692444,13
2021-01-19,cl1s,1,0.43952956795692444,13
2021-01-20,cl1s,1,0.43952956795692444,13
2021-01-21,cl1s,1,0.4347265958786011,13
2021-02-04,cl1s,0,0.4347265958786011,13
2021-02-05,cl1s,0,0.4347265958786011,13
2021-02-08,cl1s,0,0.4347265958786011,13
2021-02-09,cl1s,0,0.4347265958786011,13
2021-02-10,cl1s,0,0.4347265958786011,13
2021-02-11,cl1s,0,0.4347265958786011,13
2021-02-12,cl1s,0,0.4347265958786011,13
2021-02-16,cl1s,0,0.4347265958786011,13
2021-02-17,cl1s,0,0.4347265958786011,13
2021-02-18,cl1s,0,0.4347265958786011,13
2021-02-19,cl1s,0,0.4347265958786011,13
2021-02-22,cl1s,0,0.4347265958786011,13
2021-02-23,cl1s,0,0.4347265958786011,13
2021-02-24,cl1s,0,0.4347265958786011,13
2021-02-25,cl1s,0,0.4347265958786011,13
2021-03-05,cl1s,1,0.4347265958786011,13
2021-03-08,cl1s,1,0.4347265958786011,13
2021-04-15,cl1s,1,0.4347265958786011,13
2021-04-16,cl1s,1,0.4347265958786011,13
2021-04-19,cl1s,1,0.4347265958786011,13
2021-04-20,cl1s,1,0.4347265958786011,13
2021-04-21,cl1s,1,0.4347265958786011,13
2021-04-22,cl1s,1,0.4347265958786011,13
2021-04-23,cl1s,1,0.4347265958786011,13
2021-04-26,cl1s,1,0.4347265958786011,13
2021-07-15,cl1s,0,0.4347265958786011,13
2021-07-16,cl1s,0,0.4347265958786011,13
2021-07-19,cl1s,1,0.4347265958786011,13
2021-07-20,cl1s,1,0.4347265958786011,13
2021-07-21,cl1s,0,0.4347265958786011,13
2021-07-22,cl1s,0,0.4347265958786011,13
2021-07-23,cl1s,0,0.4347265958786011,13
2021-07-26,cl1s,0,0.4347265958786011,13
2021-07-27,cl1s,0,0.4347265958786011,13
2021-07-28,cl1s,0,0.4347265958786011,13
2021-07-29,cl1s,0,0.4347265958786011,13
2021-07-30,cl1s,0,0.4347265958786011,13
2021-08-02,cl1s,0,0.4347265958786011,13
2021-08-03,cl1s,0,0.4347265958786011,13
2021-08-04,cl1s,0,0.4347265958786011,13
2021-08-05,cl1s,0,0.4347265958786011,13
2021-08-06,cl1s,0,0.4347265958786011,13
2021-08-09,cl1s,0,0.4347265958786011,13
2021-08-10,cl1s,0,0.4347265958786011,13
2021-08-11,cl1s,0,0.4347265958786011,13
2021-08-12,cl1s,0,0.4347265958786011,13
2021-08-13,cl1s,1,0.4347265958786011,13
2021-08-16,cl1s,1,0.4347265958786011,13
2021-08-17,cl1s,1,0.4347265958786011,13
2021-08-18,cl1s,1,0.4347265958786011,13
2021-08-19,cl1s,1,0.4347265958786011,13
2021-08-20,cl1s,1,0.4347265958786011,13
2021-08-23,cl1s,1,0.4347265958786011,13
2021-08-24,cl1s,1,0.4347265958786011,13
2021-08-25,cl1s,0,0.4347265958786011,13
2021-08-26,cl1s,1,0.4347265958786011,13
2021-08-27,cl1s,1,0.4347265958786011,13
2021-08-30,cl1s,1,0.4347265958786011,13
2021-08-31,cl1s,1,0.4347265958786011,13
2021-09-01,cl1s,1,0.4347265958786011,13
2021-09-02,cl1s,1,0.4347265958786011,13
2021-09-03,cl1s,1,0.4347265958786011,13
2021-09-07,cl1s,1,0.4347265958786011,13
2021-09-08,cl1s,1,0.4347265958786011,13
2021-09-09,cl1s,1,0.4347265958786011,13
2021-09-10,cl1s,1,0.4347265958786011,13
2021-09-13,cl1s,1,0.4347265958786011,13
2021-09-14,cl1s,1,0.4347265958786011,13
2021-09-15,cl1s,1,0.4347265958786011,13
2021-09-16,cl1s,1,0.4347265958786011,13
2021-09-17,cl1s,1,0.4347265958786011,13
2021-09-20,cl1s,1,0.4347265958786011,13
2021-09-21,cl1s,1,0.4347265958786011,13
2021-09-22,cl1s,1,0.4347265958786011,13
2021-04-27,cl1s,1,0.4195460379123688,14
2021-04-28,cl1s,1,0.41694074869155884,14
2021-04-29,cl1s,0,0.4187840521335602,14
2021-04-30,cl1s,1,0.4163621962070465,14
2021-05-03,cl1s,1,0.4163621962070465,14
2021-05-04,cl1s,0,0.4145219624042511,14
2021-05-05,cl1s,0,0.4145219624042511,14
2021-05-12,cl1s,1,0.4163621962070465,14
2021-05-14,cl1s,1,0.41297152638435364,14
2021-05-17,cl1s,1,0.41278985142707825,14
2021-05-19,cl1s,1,0.4476008713245392,14
2021-05-20,cl1s,1,0.44778409600257874,14
2021-05-21,cl1s,1,0.4476008713245392,14
2021-05-24,cl1s,1,0.44247251749038696,14
2021-05-25,cl1s,1,0.4238838851451874,14
2021-05-26,cl1s,1,0.41278985142707825,14
2021-05-27,cl1s,1,0.41032323241233826,14
2021-05-28,cl1s,1,0.4251287877559662,14
2021-06-01,cl1s,1,0.40431442856788635,14
2021-06-02,cl1s,1,0.40431442856788635,14
2021-06-03,cl1s,1,0.40431442856788635,14
2021-06-04,cl1s,1,0.4019184112548828,14
2021-06-07,cl1s,1,0.4019184112548828,14
2021-06-08,cl1s,1,0.4019184112548828,14
2021-06-09,cl1s,1,0.4019184112548828,14
2021-06-10,cl1s,1,0.4019184112548828,14
2021-06-15,cl1s,1,0.4019184112548828,14
2021-06-16,cl1s,1,0.4019184112548828,14
2021-06-17,cl1s,1,0.4019184112548828,14
2021-06-18,cl1s,1,0.4019184112548828,14
2021-06-21,cl1s,1,0.4019184112548828,14
2021-06-22,cl1s,0,0.4019184112548828,14
2021-06-24,cl1s,1,0.40431442856788635,14
2021-06-25,cl1s,1,0.4019184112548828,14
2021-06-28,cl1s,1,0.4019184112548828,14
2021-06-29,cl1s,1,0.40386292338371277,14
2021-06-30,cl1s,0,0.4064491391181946,14
2021-07-01,cl1s,0,0.4019184112548828,14
2021-07-02,cl1s,0,0.3997851610183716,14
2021-07-06,cl1s,0,0.4115319550037384,14
2021-07-07,cl1s,0,0.43244990706443787,14
2021-07-08,cl1s,0,0.43244990706443787,14
2021-07-09,cl1s,0,0.42736077308654785,14
2021-07-12,cl1s,0,0.42736077308654785,14
2021-07-13,cl1s,0,0.42736077308654785,14
2021-07-14,cl1s,0,0.43244990706443787,14
2021-07-15,cl1s,0,0.4348956048488617,14
2021-07-16,cl1s,0,0.4370797276496887,14
2021-07-19,cl1s,1,0.43912747502326965,14
2021-07-20,cl1s,1,0.43912747502326965,14
2021-07-21,cl1s,0,0.43912747502326965,14
2021-07-22,cl1s,0,0.4366518557071686,14
2021-07-23,cl1s,0,0.4318392276763916,14
2021-07-26,cl1s,0,0.4318392276763916,14
2021-07-27,cl1s,0,0.4318392276763916,14
2021-07-28,cl1s,0,0.41843467950820923,14
2021-07-29,cl1s,0,0.404178649187088,14
2021-07-30,cl1s,0,0.4022012948989868,14
2021-08-02,cl1s,0,0.404778391122818,14
2021-08-03,cl1s,0,0.4139942526817322,14
2021-08-04,cl1s,0,0.43247470259666443,14
2021-08-05,cl1s,0,0.43247470259666443,14
2021-08-06,cl1s,0,0.43247470259666443,14
2021-08-09,cl1s,0,0.43247470259666443,14
2021-08-10,cl1s,0,0.43247470259666443,14
2021-08-11,cl1s,0,0.43247470259666443,14
2021-08-12,cl1s,0,0.43247470259666443,14
2021-08-13,cl1s,1,0.4366763234138489,14
2021-08-16,cl1s,1,0.43463119864463806,14
2021-08-17,cl1s,1,0.43463119864463806,14
2021-08-18,cl1s,1,0.4366763234138489,14
2021-08-19,cl1s,1,0.4366763234138489,14
2021-08-20,cl1s,1,0.4344926178455353,14
2021-08-23,cl1s,1,0.43244990706443787,14
2021-08-24,cl1s,1,0.42982378602027893,14
2021-08-25,cl1s,0,0.4022009074687958,14
2021-08-26,cl1s,1,0.4022009074687958,14
2021-08-27,cl1s,1,0.39568161964416504,14
2021-08-30,cl1s,1,0.39568161964416504,14
2021-08-31,cl1s,1,0.39568161964416504,14
2021-09-01,cl1s,1,0.39568161964416504,14
2021-09-02,cl1s,1,0.39568161964416504,14
2021-09-03,cl1s,1,0.39160022139549255,14
2021-09-07,cl1s,1,0.3941541612148285,14
2021-09-08,cl1s,1,0.39160022139549255,14
2021-09-09,cl1s,1,0.3941541612148285,14
2021-09-10,cl1s,1,0.39160022139549255,14
2021-09-13,cl1s,1,0.39160022139549255,14
2021-09-14,cl1s,1,0.39160022139549255,14
2021-09-15,cl1s,1,0.39160022139549255,14
2021-09-16,cl1s,1,0.39397525787353516,14
2021-09-17,cl1s,1,0.3980652391910553,14
2021-09-20,cl1s,1,0.4006336033344269,14
2021-09-21,cl1s,1,0.4006336033344269,14
2021-09-22,cl1s,1,0.3980652391910553,14
