date,instrument,open,high,low,close,volume,open_interest,flag
1990-01-05,hg1s,1.096,1.102,1.087,1.095,0.0,0.0,zero_volume_weekday
1990-01-15,hg1s,1.051,1.053,1.03,1.04,0.0,0.0,zero_volume_weekday
1990-01-16,hg1s,1.03,1.055,1.023,1.045,0.0,0.0,zero_volume_weekday
1990-01-17,hg1s,1.044,1.053,1.033,1.04,0.0,0.0,zero_volume_weekday
1990-01-18,hg1s,1.033,1.046,1.02,1.0235,0.0,0.0,zero_volume_weekday
1990-01-19,hg1s,1.0,1.008,0.988,0.993,0.0,0.0,zero_volume_weekday
1990-01-22,hg1s,0.996,1.001,0.976,0.9875,0.0,0.0,zero_volume_weekday
1990-01-23,hg1s,0.96,0.979,0.9575,0.9745,0.0,0.0,zero_volume_weekday
1990-01-24,hg1s,0.957,0.97,0.95,0.966,0.0,0.0,zero_volume_weekday
1990-01-25,hg1s,0.984,0.992,0.975,0.977,0.0,0.0,zero_volume_weekday
1990-01-26,hg1s,0.971,0.995,0.967,0.9835,0.0,0.0,zero_volume_weekday
1990-01-29,hg1s,0.995,1.002,0.963,0.9675,0.0,0.0,zero_volume_weekday
1990-01-30,hg1s,0.96,0.973,0.955,0.9565,0.0,0.0,zero_volume_weekday
1990-01-31,hg1s,0.95,0.9885,0.95,0.986,0.0,0.0,zero_volume_weekday
1990-02-01,hg1s,0.987,0.997,0.975,0.977,0.0,0.0,zero_volume_weekday
1990-02-02,hg1s,0.986,1.007,0.986,1.0005,0.0,0.0,zero_volume_weekday
1990-02-05,hg1s,0.995,0.9985,0.986,0.987,0.0,0.0,zero_volume_weekday
1990-02-06,hg1s,0.987,0.997,0.983,0.992,0.0,0.0,zero_volume_weekday
1990-02-07,hg1s,0.982,1.002,0.977,1.0005,0.0,0.0,zero_volume_weekday
1990-02-08,hg1s,1.001,1.012,0.991,0.9975,0.0,0.0,zero_volume_weekday
1990-02-09,hg1s,1.013,1.017,1.008,1.0125,0.0,0.0,zero_volume_weekday
1990-02-12,hg1s,1.018,1.026,0.998,0.999,0.0,0.0,zero_volume_weekday
1990-02-13,hg1s,0.995,1.044,0.99,1.042,0.0,0.0,zero_volume_weekday
1990-02-14,hg1s,1.036,1.073,1.036,1.057,0.0,0.0,zero_volume_weekday
1990-04-04,ho1s,0.60478254,0.6058742,0.58895339,0.58971756,0.0,17737.12252244,zero_volume_weekday
1990-04-04,pl1s,476.11606964,482.53672203,475.6221733,482.24038423,0.0,10501.19145057,zero_volume_weekday
1990-04-04,rb1s,0.59722189,0.59812268,0.58371009,0.58425056,0.0,29468.67015934,zero_volume_weekday
1990-04-05,ng1s,1.615,1.635,1.61,1.615,0.0,112.0,zero_volume_weekday
1990-06-18,cl1s,16.26025958,16.29742589,15.68418181,15.74922285,0.0,92327.70809209,zero_volume_weekday
1990-06-27,si1s,4.655671,4.6985146,4.6366294,4.6413898,0.0,49049.4517208,zero_volume_weekday
1990-07-31,pl1s,475.0741401,480.93322508,474.78118585,479.37080242,0.0,12719.73359501,zero_volume_weekday
1990-08-13,hg1s,1.50072709,1.50187443,1.47892753,1.49269567,0.0,0.0,zero_volume_weekday
1990-08-13,ho1s,0.81955311,0.83563365,0.81733511,0.83230664,0.0,0.0,zero_volume_weekday
1990-08-13,pl1s,488.2570813,497.53396584,488.2570813,494.11616627,0.0,0.0,zero_volume_weekday
1990-08-13,rb1s,0.86099865,0.89745439,0.86099865,0.88780434,0.0,0.0,zero_volume_weekday
1990-08-14,cl1s,23.81440522,23.98918985,22.78317593,23.08904902,0.0,58538.3295165,zero_volume_weekday
1990-08-14,gc1s,398.12165425,398.77893056,386.66626703,388.73199259,0.0,64843.65701918,zero_volume_weekday
1990-08-14,ng1s,1.33034084,1.33034084,1.31758415,1.31940654,0.0,695.79161149,zero_volume_weekday
1990-08-14,si1s,4.95081579,5.09362778,4.91273259,4.96509699,0.0,46185.19649386,zero_volume_weekday
1990-08-28,hg1s,1.50933975,1.51772497,1.47579887,1.47819465,0.0,11405.06632384,zero_volume_weekday
1990-08-29,gc1s,370.89163544,371.17332529,365.72732153,368.73201326,0.0,67476.33974019,zero_volume_weekday
1990-08-29,si1s,4.62044404,4.62509706,4.55995485,4.59531776,0.0,67139.2613209,zero_volume_weekday
1990-10-01,si1s,4.48085359,4.4855066,4.35522218,4.38314027,0.0,75088.94530381,zero_volume_weekday
1991-03-05,ng1s,0.74786412,0.75229591,0.7462022,0.75063399,0.0,3169.82716133,zero_volume_weekday
1991-07-15,ho1s,0.89580338,0.90032004,0.88526452,0.88917895,0.0,0.0,zero_volume_weekday
1991-07-15,pl1s,354.81364364,355.74247517,353.42039635,355.27805941,0.0,0.0,zero_volume_weekday
1991-07-15,rb1s,0.89535424,0.90023165,0.88141876,0.88323038,0.0,0.0,zero_volume_weekday
1991-07-16,cl1s,24.81717802,25.01115137,24.65743527,24.70307606,0.0,37887.16425053,zero_volume_weekday
1991-07-16,hg1s,1.28658916,1.29444219,1.28593474,1.29117009,0.0,12069.47138303,zero_volume_weekday
1991-07-16,ng1s,0.62529914,0.64392507,0.6226383,0.64126423,0.0,1984.33024332,zero_volume_weekday
1991-07-17,gc1s,336.8545863,337.58292054,336.49041918,337.3097952,0.0,51861.9033571,zero_volume_weekday
1991-07-17,si1s,3.87328323,3.90398876,3.87328323,3.90223416,0.0,52829.08396995,zero_volume_weekday
1991-08-29,pl1s,315.80271947,316.731551,314.50235534,314.87388795,0.0,13732.30733168,zero_volume_weekday
1991-11-27,ho1s,0.87141748,0.87835552,0.86586705,0.87641287,0.0,31435.40339171,zero_volume_weekday
1991-11-27,rb1s,0.94744403,0.95552803,0.93855164,0.95197107,0.0,16475.76790763,zero_volume_weekday
1991-11-29,cl1s,25.33282012,25.473558,25.15689775,25.19208223,0.0,57279.24460885,zero_volume_weekday
1991-11-29,ng1s,0.73005788,0.73005788,0.72138736,0.72485557,0.0,13992.81514832,zero_volume_weekday
1992-03-05,gc1s,308.99749385,310.76067499,308.73301668,310.58435687,0.0,60109.53606255,zero_volume_weekday
1992-04-03,hg1s,1.39049293,1.3918364,1.38108863,1.3844473,0.0,18609.25324384,zero_volume_weekday
1992-04-06,gc1s,299.57179568,299.83480867,298.69508572,299.65946668,0.0,60287.89679219,zero_volume_weekday
1992-04-06,si1s,3.44391064,3.49027908,3.43969532,3.4649872,0.0,49264.43306218,zero_volume_weekday
1992-06-08,hg1s,1.39234438,1.39368317,1.38431162,1.39033619,0.0,18207.44954954,zero_volume_weekday
1992-08-31,si1s,3.06161826,3.11093292,3.06161826,3.09613852,0.0,67164.21105346,zero_volume_weekday
1992-10-19,ho1s,0.86066795,0.86198195,0.85081298,0.85173277,0.0,18852.4040453,zero_volume_weekday
1992-10-19,rb1s,0.86544794,0.86689277,0.85099973,0.85461178,0.0,10397.82584868,zero_volume_weekday
1992-10-20,cl1s,25.51532266,25.64266774,25.46901536,25.52689949,0.0,78665.78159806,zero_volume_weekday
1992-10-20,ng1s,1.24171962,1.24919986,1.21179867,1.21628681,0.0,26102.7766817,zero_volume_weekday
1992-10-21,ho1s,0.840958,0.842272,0.81993405,0.82321904,0.0,14612.66793451,zero_volume_weekday
1992-10-21,rb1s,0.85388937,0.85461178,0.8423308,0.84839905,0.0,9230.89951034,zero_volume_weekday
1992-10-22,cl1s,24.97121188,25.09855696,24.64706078,24.71652173,0.0,69065.5675135,zero_volume_weekday
1992-10-22,ng1s,1.16691724,1.17190406,1.13948969,1.16342646,0.0,26030.58647194,zero_volume_weekday
1992-10-27,ho1s,0.81869093,0.82193713,0.80765386,0.80973143,0.0,33402.93071803,zero_volume_weekday
1992-10-27,rb1s,0.85657031,0.85731,0.84399544,0.84591865,0.0,15632.73080054,zero_volume_weekday
1992-10-28,cl1s,24.17241094,24.4734084,24.01033539,24.45025475,0.0,64773.37174365,zero_volume_weekday
1992-10-28,ng1s,1.15445017,1.1793843,1.14696993,1.17738957,0.0,25527.26028717,zero_volume_weekday
1992-11-12,si1s,3.02463227,3.12326158,3.00408449,3.10517954,0.0,46256.83640457,zero_volume_weekday
1992-11-19,ng1s,1.12621032,1.14199831,1.10515965,1.13778818,0.0,31611.36026238,zero_volume_weekday
1992-11-20,ho1s,0.74123024,0.74503793,0.73488409,0.74237255,0.0,37431.35997935,zero_volume_weekday
1992-11-20,rb1s,0.81972344,0.83090148,0.81525222,0.82792067,0.0,17908.54008902,zero_volume_weekday
1992-11-23,cl1s,23.46628141,23.55885057,23.33899882,23.37371226,0.0,68437.48149517,zero_volume_weekday
1992-11-23,ho1s,0.72980717,0.73424948,0.72409564,0.72523795,0.0,38238.93631181,zero_volume_weekday
1992-11-23,ng1s,1.12357898,1.12621032,1.10779099,1.10936979,0.0,31102.11257361,zero_volume_weekday
1992-11-23,pl1s,324.22211391,324.6730487,322.41837475,322.68893563,0.0,9771.92290119,zero_volume_weekday
1992-11-23,rb1s,0.81972344,0.82568506,0.8115262,0.81614646,0.0,18338.62416968,zero_volume_weekday
1992-11-24,cl1s,23.39685455,23.52413714,23.2811431,23.39685455,0.0,66359.89966016,zero_volume_weekday
1992-11-24,ng1s,1.10252832,1.11515872,1.060427,1.0730574,0.0,26338.36647011,zero_volume_weekday
1992-11-30,ho1s,0.73488409,0.74313409,0.71774949,0.71927256,0.0,41079.24136403,zero_volume_weekday
1992-11-30,rb1s,0.80929059,0.82270425,0.79736734,0.79826159,0.0,19788.56441667,zero_volume_weekday
1992-12-01,cl1s,22.91086647,22.99186448,22.54058984,22.57530327,0.0,61916.0869332,zero_volume_weekday
1992-12-01,ng1s,1.10515965,1.11831632,0.97885569,0.99727502,0.0,27803.40366429,zero_volume_weekday
1992-12-14,gc1s,289.33041474,289.41644817,288.5561139,288.5561139,0.0,55529.57926819,zero_volume_weekday
1992-12-28,ho1s,0.74496699,0.74496699,0.72994245,0.73094408,0.0,43727.64892495,zero_volume_weekday
1992-12-28,rb1s,0.82588451,0.82662257,0.81407562,0.81599456,0.0,23286.85522815,zero_volume_weekday
1992-12-29,cl1s,22.75659659,22.7796063,22.53800441,22.59552867,0.0,78359.98466245,zero_volume_weekday
1992-12-29,ng1s,1.05911134,1.06525111,1.01306302,1.04437587,0.0,18288.9412489,zero_volume_weekday
1992-12-30,ho1s,0.71867404,0.72618631,0.71616995,0.72268058,0.0,46989.51157467,zero_volume_weekday
1992-12-30,rb1s,0.80743311,0.81038534,0.80079061,0.80566178,0.0,24962.88012588,zero_volume_weekday
1992-12-31,cl1s,22.56101411,22.60703352,22.41145104,22.43446075,0.0,74523.34241047,zero_volume_weekday
1992-12-31,ho1s,0.71742199,0.71867404,0.71241381,0.71629515,0.0,47255.47637936,zero_volume_weekday
1992-12-31,ng1s,1.0437619,1.05604145,1.03148234,1.03578019,0.0,18119.55395797,zero_volume_weekday
1992-12-31,rb1s,0.80890922,0.81481367,0.805957,0.80817117,0.0,25008.26964412,zero_volume_weekday
1993-01-04,cl1s,22.38844134,22.42295589,21.85921816,21.90523757,0.0,70604.99549794,zero_volume_weekday
1993-01-04,ng1s,1.01920279,1.01920279,0.94245559,0.95412117,0.0,18523.47749789,zero_volume_weekday
1993-01-18,ho1s,0.67172234,0.67485245,0.66546211,0.66771579,0.0,40834.78249075,zero_volume_weekday
1993-01-18,rb1s,0.80079061,0.80079061,0.78971977,0.79591944,0.0,19875.18934903,zero_volume_weekday
1993-01-19,cl1s,21.50034558,21.52312137,21.27258769,21.29536347,0.0,80486.34164073,zero_volume_weekday
1993-01-19,ng1s,0.97142417,0.9810106,0.96183775,0.96375504,0.0,15285.68096772,zero_volume_weekday
1993-01-26,ho1s,0.67692793,0.68930321,0.67630916,0.68719941,0.0,37164.40551933,zero_volume_weekday
1993-01-26,rb1s,0.81245675,0.81822909,0.80524133,0.81216813,0.0,22505.26071434,zero_volume_weekday
1993-01-27,cl1s,22.34304981,22.43415297,22.17223138,22.38860139,0.0,74319.26681455,zero_volume_weekday
1993-01-27,ng1s,1.00657439,1.03085999,1.00337892,1.00657439,0.0,16778.41713757,zero_volume_weekday
1993-01-29,hg1s,1.29627987,1.30149629,1.28975935,1.2904114,0.0,18605.10417531,zero_volume_weekday
1993-02-03,ho1s,0.69425332,0.69549085,0.68559062,0.69276829,0.0,43631.32884015,zero_volume_weekday
1993-02-03,rb1s,0.80524133,0.81029212,0.79874745,0.80596287,0.0,28785.55685789,zero_volume_weekday
1993-02-04,cl1s,22.7985656,23.2426935,22.7985656,23.11742666,0.0,73646.62274267,zero_volume_weekday
1993-02-04,ho1s,0.69796591,0.70724737,0.69672838,0.70118348,0.0,43790.51713131,zero_volume_weekday
1993-02-04,ng1s,1.00976986,1.04172461,1.00976986,1.03405547,0.0,16055.51974714,zero_volume_weekday
1993-02-04,rb1s,0.81101367,0.82039372,0.80884904,0.81678601,0.0,28446.69943604,zero_volume_weekday
1993-02-05,cl1s,23.00354771,23.18575403,22.87828087,23.01493561,0.0,70074.40853323,zero_volume_weekday
1993-02-05,ng1s,1.04811556,1.07623573,1.0423637,1.07240116,0.0,16601.60457237,zero_volume_weekday
1993-02-08,ho1s,0.70167849,0.7066286,0.69920344,0.70167849,0.0,42707.71352643,zero_volume_weekday
1993-02-08,rb1s,0.80668441,0.81029212,0.7980259,0.79889175,0.0,27012.27231289,zero_volume_weekday
1993-02-09,cl1s,22.83272929,22.87828087,22.68468665,22.83272929,0.0,67297.77595451,zero_volume_weekday
1993-02-09,ng1s,1.10563409,1.10882957,1.06089745,1.07751392,0.0,16776.8524246,zero_volume_weekday
1993-02-17,ho1s,0.68682815,0.68868445,0.67012152,0.67606166,0.0,36391.08981047,zero_volume_weekday
1993-02-17,rb1s,0.7554549,0.76411341,0.74823948,0.75141426,0.0,21590.55356334,zero_volume_weekday
1993-02-18,cl1s,21.94447348,22.3658256,21.87614612,22.24055875,0.0,78655.45013958,zero_volume_weekday
1993-02-18,ho1s,0.67197781,0.67940298,0.66888399,0.67507164,0.0,31869.17266648,zero_volume_weekday
1993-02-18,ng1s,1.15509921,1.16151643,1.13263895,1.14418994,0.0,18550.09496242,zero_volume_weekday
1993-02-18,rb1s,0.74968256,0.76339187,0.74751793,0.75170288,0.0,18255.33726202,zero_volume_weekday
1993-02-19,cl1s,22.39998928,22.67329876,22.3544377,22.54803191,0.0,79304.38482512,zero_volume_weekday
1993-02-19,ng1s,1.15509921,1.15509921,1.11338729,1.12429656,0.0,18802.5408112,zero_volume_weekday
1993-02-22,ho1s,0.69494484,0.70111664,0.6930933,0.70062289,0.0,30936.67281416,zero_volume_weekday
1993-02-22,rb1s,0.77192629,0.78382242,0.76862181,0.77536295,0.0,29815.59282068,zero_volume_weekday
1993-02-23,cl1s,23.42489982,23.50461509,23.19714192,23.32240877,0.0,80138.60397432,zero_volume_weekday
1993-02-23,ng1s,1.19360251,1.22248,1.16857537,1.17755947,0.0,19801.41605238,zero_volume_weekday
1993-02-26,ho1s,0.72210076,0.72210076,0.7146946,0.7208664,0.0,43999.30963966,zero_volume_weekday
1993-02-26,pl1s,312.77868237,315.50244448,311.87076167,314.59452378,0.0,9391.78935637,zero_volume_weekday
1993-02-26,rb1s,0.76267375,0.77655256,0.75870838,0.77324808,0.0,35152.2888815,zero_volume_weekday
1993-03-01,cl1s,23.50461509,23.62988193,23.39073614,23.45906351,0.0,79141.05349696,zero_volume_weekday
1993-03-01,ng1s,1.1871853,1.20643695,1.17114225,1.19103563,0.0,23982.35563438,zero_volume_weekday
1993-03-05,ho1s,0.73567872,0.74123335,0.7301241,0.73135846,0.0,45791.33101513,zero_volume_weekday
1993-03-05,rb1s,0.79968392,0.80563198,0.79571854,0.79664379,0.0,37265.3300068,zero_volume_weekday
1993-03-08,cl1s,23.68682141,23.72098509,23.4704514,23.58433035,0.0,73601.83834624,zero_volume_weekday
1993-03-08,ho1s,0.72642102,0.7270382,0.71407742,0.71703988,0.0,43824.32021059,zero_volume_weekday
1993-03-08,ng1s,1.13905616,1.18397669,1.12943034,1.17050053,0.0,19064.33650624,zero_volume_weekday
1993-03-08,rb1s,0.79241406,0.79307496,0.78382242,0.786466,0.0,36837.87986867,zero_volume_weekday
1993-03-09,cl1s,23.51600298,23.65265772,23.43628772,23.55016667,0.0,67507.64792994,zero_volume_weekday
1993-03-09,ho1s,0.7146946,0.72518666,0.7146946,0.71901486,0.0,43868.87770411,zero_volume_weekday
1993-03-09,ng1s,1.19360251,1.24494026,1.1871853,1.23274754,0.0,17841.06495504,zero_volume_weekday
1993-03-09,rb1s,0.7858051,0.79307496,0.78316152,0.78461549,0.0,34244.43018105,zero_volume_weekday
1993-03-10,cl1s,23.72098509,23.77792456,23.11742666,23.21991771,0.0,68949.52986993,zero_volume_weekday
1993-03-10,ho1s,0.7301241,0.73321,0.71222588,0.71654614,0.0,44167.81797877,zero_volume_weekday
1993-03-10,ng1s,1.22889721,1.24814887,1.19681112,1.23595615,0.0,17437.46325853,zero_volume_weekday
1993-03-10,rb1s,0.78977048,0.79439675,0.76531733,0.77205847,0.0,32167.70340377,zero_volume_weekday
1993-03-11,cl1s,23.23130561,23.26546929,22.78717771,22.92383245,0.0,60862.87287516,zero_volume_weekday
1993-03-11,ng1s,1.25777469,1.26419191,1.23531443,1.24814887,0.0,17396.9472581,zero_volume_weekday
1993-04-27,ho1s,0.70501533,0.70755136,0.70121129,0.7017185,0.0,22365.69806169,zero_volume_weekday
1993-06-23,ho1s,0.6564102,0.66203122,0.65266286,0.65915826,0.0,0.0,zero_volume_weekday
1993-06-23,pl1s,340.60603669,347.44551534,340.15007145,346.71597095,0.0,0.0,zero_volume_weekday
1993-06-23,rb1s,0.68946476,0.69706915,0.68502886,0.69364717,0.0,0.0,zero_volume_weekday
1993-06-24,cl1s,20.46513743,20.55185411,20.42177909,20.47597701,0.0,104208.78176123,zero_volume_weekday
1993-07-19,hg1s,1.07902652,1.0981582,1.07775108,1.08604147,0.0,20687.68055021,zero_volume_weekday
1993-08-25,gc1s,315.25231857,316.17705871,313.73910745,315.672655,0.0,127281.37950409,zero_volume_weekday
1993-09-28,pl1s,329.02793329,330.38942819,327.6664384,328.66486799,0.0,10194.30923824,zero_volume_weekday
1993-11-05,ng1s,1.50328527,1.50940863,1.48797686,1.49410022,0.0,32264.95733902,zero_volume_weekday
1993-11-19,ho1s,0.60432794,0.6095779,0.60082797,0.6021113,0.0,36224.03736684,zero_volume_weekday
1993-11-19,pl1s,343.09671389,345.81970368,342.64288226,344.91204042,0.0,13887.30875911,zero_volume_weekday
1993-11-19,rb1s,0.58527803,0.59162595,0.5795649,0.5841354,0.0,27398.74765585,zero_volume_weekday
1993-11-22,cl1s,17.05132468,17.30119755,17.02133994,17.09130434,0.0,107064.44419795,zero_volume_weekday
1993-11-22,ho1s,0.60165158,0.61199516,0.59992765,0.60153665,0.0,53833.39125755,zero_volume_weekday
1993-11-22,pl1s,345.81970368,346.72736695,344.45820878,345.72893735,0.0,14138.50323726,zero_volume_weekday
1993-11-22,rb1s,0.58277147,0.59579083,0.58029159,0.58103555,0.0,37061.49172563,zero_volume_weekday
1993-11-23,cl1s,16.61154843,17.16126875,16.54158403,16.62154335,0.0,106834.3271793,zero_volume_weekday
1993-11-29,rb1s,0.55487284,0.55487284,0.51147496,0.52375036,0.0,46161.13073726,zero_volume_weekday
1993-11-29,si1s,3.64086837,3.64477069,3.43404519,3.50428702,0.0,73618.94964475,zero_volume_weekday
1993-12-01,si1s,3.46916611,3.67598928,3.45745914,3.65803859,0.0,78873.51066417,zero_volume_weekday
1993-12-17,ng1s,1.27723228,1.2901991,1.22212327,1.24481521,0.0,33829.40659906,zero_volume_weekday
1993-12-29,ho1s,0.49776507,0.51134048,0.49776507,0.50896478,0.0,49236.96269822,zero_volume_weekday
1994-01-05,hg1s,1.00514422,1.01395024,1.00451522,1.00766023,0.0,32446.66906699,zero_volume_weekday
1994-01-28,pl1s,344.57861784,347.29183531,342.7698062,345.21170192,0.0,14944.61853793,zero_volume_weekday
1994-04-26,gc1s,309.14868771,310.9667233,308.98341175,310.14034348,0.0,111785.160584,zero_volume_weekday
1994-05-27,si1s,4.2107012,4.27217129,4.20301744,4.20685932,0.0,107723.28370199,zero_volume_weekday
1994-07-05,ng1s,1.41701556,1.42033721,1.41369391,1.4156869,0.0,30415.61380572,zero_volume_weekday
1994-09-16,rb1s,0.51030715,0.5183707,0.51030715,0.51537567,0.0,18649.49170171,zero_volume_weekday
1994-11-22,hg1s,1.68600458,1.68911071,1.64003394,1.64314006,0.0,17215.98521154,zero_volume_weekday
1995-01-25,ho1s,0.55023592,0.55651455,0.54110338,0.54509886,0.0,32267.88960649,zero_volume_weekday
1995-03-29,pl1s,372.03335858,374.22954134,370.27641238,370.80349624,0.0,16501.35897327,zero_volume_weekday
1995-06-05,ho1s,0.55837666,0.56232478,0.55837666,0.55950469,0.0,27131.28260988,zero_volume_weekday
1995-09-05,ng1s,0.58293379,0.58624592,0.56140499,0.56339226,0.0,81352.63505037,zero_volume_weekday
1995-12-22,ho1s,0.64645148,0.64864656,0.63931747,0.64667099,0.0,48874.72435974,zero_volume_weekday
1995-12-22,pl1s,356.81800834,357.25528531,356.29327597,356.73055295,0.0,12645.30347276,zero_volume_weekday
1995-12-22,rb1s,0.776244,0.78598183,0.76928841,0.78000002,0.0,19324.02188743,zero_volume_weekday
1995-12-26,cl1s,22.23588359,22.410146,22.09647366,22.38691102,0.0,75527.47580259,zero_volume_weekday
1995-12-26,ng1s,0.72720553,0.76743392,0.72411104,0.76372053,0.0,120443.04664548,zero_volume_weekday
1996-01-05,ho1s,0.65029287,0.66949984,0.6497441,0.66554869,0.0,53270.91661647,zero_volume_weekday
1996-01-05,pl1s,362.93988593,369.76140668,362.93988593,369.23667432,0.0,22294.79402404,zero_volume_weekday
1996-01-05,rb1s,0.82632426,0.84579991,0.82437669,0.84134833,0.0,21330.32145918,zero_volume_weekday
1996-01-08,cl1s,23.64160037,23.81586278,23.60674789,23.7810103,0.0,71493.90368813,zero_volume_weekday
1996-01-08,hg1s,1.67153115,1.67439337,1.6693845,1.67439337,0.0,17491.37365658,zero_volume_weekday
1996-01-08,ho1s,0.67498754,0.68596295,0.66949984,0.6832191,0.0,52237.69754515,zero_volume_weekday
1996-01-08,pl1s,368.18720959,368.18720959,367.31265564,368.18720959,0.0,22138.14273769,zero_volume_weekday
1996-01-08,rb1s,0.83926166,0.85414662,0.83926166,0.84858215,0.0,21070.81800329,zero_volume_weekday
1996-01-09,cl1s,23.75777531,23.83909777,23.14204813,23.17690061,0.0,68306.46930063,zero_volume_weekday
1996-01-09,gc1s,304.7538645,305.21352342,302.4555699,304.06437612,0.0,118305.98197296,zero_volume_weekday
1996-01-09,ng1s,0.95310342,0.95898296,0.90359156,0.90606715,0.0,122003.8846034,zero_volume_weekday
1996-01-09,si1s,3.8629121,3.90112436,3.821226,3.8608278,0.0,88579.16282446,zero_volume_weekday
1996-03-11,rb1s,0.79946921,0.81246315,0.79878532,0.81136892,0.0,21148.09031951,zero_volume_weekday
1996-05-10,pl1s,354.24480155,354.67892508,352.07418389,352.50830742,0.0,22054.7823591,zero_volume_weekday
1996-11-21,ho1s,1.01779299,1.04050525,1.01495396,1.03922769,0.0,31423.38588281,zero_volume_weekday
1996-11-21,pl1s,332.98936595,333.2466993,331.44536579,332.21736587,0.0,20381.73375515,zero_volume_weekday
1996-11-21,rb1s,1.02905726,1.05411678,1.02905726,1.05298506,0.0,14292.92869854,zero_volume_weekday
1996-11-22,cl1s,42.57747178,43.36230997,42.00668037,42.36342501,0.0,51228.80172519,zero_volume_weekday
1996-11-22,ng1s,1.09743532,1.21643433,1.07594938,1.13610999,0.0,123127.07455604,zero_volume_weekday
1996-12-19,pl1s,321.58092038,322.26386367,320.64187336,320.64187336,0.0,17008.7329605,zero_volume_weekday
1997-02-12,pl1s,306.30006433,321.41018456,305.70248896,317.39789275,0.0,23042.61612025,zero_volume_weekday
1997-02-14,hg1s,1.73170581,1.74217172,1.71479934,1.73412102,0.0,0.0,zero_volume_weekday
1997-02-14,ho1s,0.87909984,0.88930498,0.87108151,0.88653501,0.0,0.0,zero_volume_weekday
1997-02-14,pl1s,315.34906289,317.99546813,313.98317631,317.56862857,0.0,0.0,zero_volume_weekday
1997-02-14,rb1s,1.03945439,1.05504211,1.03863399,1.0542217,0.0,0.0,zero_volume_weekday
1997-05-23,hg1s,2.01576768,2.02340316,1.99710316,2.01491929,0.0,0.0,zero_volume_weekday
1997-05-23,ho1s,0.88961093,0.89191762,0.8811531,0.88392112,0.0,0.0,zero_volume_weekday
1997-05-23,pl1s,328.72083918,330.33429718,325.66376085,329.82478413,0.0,0.0,zero_volume_weekday
1997-05-23,rb1s,1.07608886,1.08769537,1.07111464,1.07608886,0.0,0.0,zero_volume_weekday
1997-08-29,hg1s,1.68106858,1.745958,1.66982108,1.71827185,0.0,0.0,zero_volume_weekday
1997-08-29,ho1s,0.79949704,0.80545788,0.792046,0.79308915,0.0,0.0,zero_volume_weekday
1997-08-29,pl1s,356.55968288,358.30966905,356.12218634,356.7346815,0.0,0.0,zero_volume_weekday
1997-08-29,rb1s,1.18496686,1.20146517,1.17623246,1.18826653,0.0,0.0,zero_volume_weekday
1997-11-17,pl1s,346.78482974,346.78482974,342.74723146,345.88758568,0.0,11935.4370349,zero_volume_weekday
1997-12-24,pl1s,319.68623881,327.35149418,319.68623881,326.90059681,0.0,9655.19038764,zero_volume_weekday
1997-12-29,pl1s,323.74431518,326.90059681,323.74431518,325.54790468,0.0,10452.48932972,zero_volume_weekday
1998-03-23,hg1s,1.35061411,1.38520198,1.35061411,1.37760952,0.0,15703.41031652,zero_volume_weekday
1999-07-12,ho1s,0.49726991,0.5021643,0.49286496,0.50069598,0.0,50912.38284705,zero_volume_weekday
2000-03-29,pl1s,436.33821738,438.19103359,428.00054444,433.28107063,0.0,4876.90033841,zero_volume_weekday
2000-07-10,rb1s,1.66218609,1.71609483,1.64241955,1.70603186,0.0,18280.89538982,zero_volume_weekday
2000-10-17,fesx1s,4595.20293523,4626.56626447,4554.33556683,4557.18677858,0.0,486503.0,zero_volume_weekday
2000-10-23,fesx1s,4704.4993856,4722.55706001,4650.32636238,4716.85463652,0.0,485310.0,zero_volume_weekday
2000-10-23,nq1s,3259.91613431,3320.48339134,3173.72426853,3255.72301652,0.0,38356.0,zero_volume_weekday
2000-10-24,es1s,1216.75649283,1228.36307305,1202.78560924,1206.22459597,0.0,60657.40181766,zero_volume_weekday
2000-10-24,hg1s,1.24683935,1.25473983,1.24252999,1.24324822,0.0,26848.11647983,zero_volume_weekday
2000-10-24,ho1s,1.49659649,1.50635854,1.47932518,1.48488204,0.0,28279.73219941,zero_volume_weekday
2000-10-24,pl1s,550.40761048,550.98194885,539.87807358,540.54813502,0.0,8278.04687521,zero_volume_weekday
2000-10-24,rb1s,2.06635399,2.08667878,2.03473765,2.07719388,0.0,9962.31531037,zero_volume_weekday
2000-10-25,cl1s,57.32983918,57.94832112,56.48801655,56.62545698,0.0,80915.34663392,zero_volume_weekday
2000-10-25,gc1s,170.71971218,170.78236161,167.71253926,167.83783814,0.0,139429.82738533,zero_volume_weekday
2000-10-25,ng1s,0.94137558,0.94805878,0.90795961,0.91101479,0.0,256655.73308485,zero_volume_weekday
2000-11-30,hg1s,1.21986994,1.22342641,1.1992424,1.20279887,0.0,25894.34046594,zero_volume_weekday
2001-01-29,rb1s,2.01385051,2.03363979,1.96961564,1.97380632,0.0,15948.70861256,zero_volume_weekday
2001-03-13,ho1s,1.23338687,1.23389236,1.21990723,1.22833201,0.0,22179.82421446,zero_volume_weekday
2001-03-13,rb1s,1.94606953,1.94606953,1.91879838,1.93341572,0.0,15729.99088025,zero_volume_weekday
2001-03-14,cl1s,52.93781633,53.4190692,50.7240531,50.83955379,0.0,31970.19857349,zero_volume_weekday
2001-03-14,ng1s,1.04070747,1.05836418,1.0178576,1.02014259,0.0,183361.69931432,zero_volume_weekday
2001-07-09,cl1s,52.08054926,52.39573948,50.98665378,51.15351919,0.0,50238.93137119,zero_volume_weekday
2001-09-10,nq1s,1209.84894654,1233.99227363,1185.25852079,1225.49739928,0.0,189835.0,zero_volume_weekday
2001-09-11,es1s,911.72376715,917.3375737,888.22894715,911.30792963,0.0,191594.06203325,zero_volume_weekday
2001-09-11,hg1s,0.89888547,0.90366678,0.89751938,0.90366678,0.0,0.0,zero_volume_weekday
2001-09-11,ho1s,1.43910136,1.44181324,1.43277366,1.43928215,0.0,0.0,zero_volume_weekday
2001-09-11,pl1s,435.71995264,438.20410288,435.71995264,437.21044279,0.0,0.0,zero_volume_weekday
2001-09-11,rb1s,2.1725817,2.17391049,2.16009101,2.16593772,0.0,0.0,zero_volume_weekday
2001-09-14,cl1s,57.62092871,57.62092871,56.60227987,56.75603819,0.0,0.0,zero_volume_weekday
2001-09-14,gc1s,180.724199,180.724199,174.09764504,176.08561123,0.0,131283.47023248,zero_volume_weekday
2001-09-14,ho1s,1.54576842,1.55028821,1.49605073,1.50545189,0.0,0.0,zero_volume_weekday
2001-09-14,ng1s,0.52331806,0.52719449,0.49230662,0.49463248,0.0,0.0,zero_volume_weekday
2001-09-14,pl1s,459.07096493,471.98854619,459.07096493,471.98854619,0.0,0.0,zero_volume_weekday
2001-09-14,rb1s,2.31210529,2.31210529,2.27410172,2.2820745,0.0,0.0,zero_volume_weekday
2001-09-14,si1s,2.27266122,2.29644489,2.25680545,2.288517,0.0,107463.04707074,zero_volume_weekday
2001-09-17,cl1s,55.19114406,56.2980204,54.96213517,55.66824593,0.0,0.0,zero_volume_weekday
2001-09-17,ng1s,0.47001715,0.47292447,0.45644964,0.45916314,0.0,0.0,zero_volume_weekday
2001-09-25,pl1s,444.38378609,446.41293579,423.07771415,444.48524357,0.0,2763.71919601,zero_volume_weekday
2002-04-05,hg1s,0.97661454,0.98597933,0.96189843,0.96724974,0.0,26602.0717507,zero_volume_weekday
2002-04-19,hg1s,0.97929019,0.98664825,0.97193214,0.98062802,0.0,19175.85626718,zero_volume_weekday
2002-05-10,hg1s,0.9674074,0.97933434,0.9674074,0.97867173,0.0,28427.82687247,zero_volume_weekday
2002-06-07,hg1s,1.03234296,1.03433079,1.02439167,1.03366818,0.0,38313.01074499,zero_volume_weekday
2002-07-03,hg1s,0.99837723,1.00100108,0.98853777,0.99050566,0.0,30960.53998004,zero_volume_weekday
2002-07-26,hg1s,0.90457437,0.91834962,0.90260648,0.9058863,0.0,41057.89270828,zero_volume_weekday
2002-08-02,hg1s,0.89473491,0.8986707,0.8894872,0.89473491,0.0,35058.32576301,zero_volume_weekday
2004-02-17,hg1s,1.55320088,1.62498228,1.55320088,1.60889335,0.0,0.0,zero_volume_weekday
2004-02-18,gc1s,240.26212194,240.95435374,237.43550874,238.12774055,0.0,0.0,zero_volume_weekday
2004-02-18,hg1s,1.60579932,1.68253116,1.57857189,1.61074976,0.0,0.0,zero_volume_weekday
2004-02-18,si1s,3.4132915,3.46108261,3.33531653,3.37053103,0.0,0.0,zero_volume_weekday
2004-02-19,gc1s,237.37782276,238.01236858,235.70492923,236.68559095,0.0,267103.01225012,zero_volume_weekday
2004-02-19,si1s,3.35795442,3.39316892,3.30010202,3.34940233,0.0,121423.83395798,zero_volume_weekday
2005-02-08,hg1s,1.72245148,1.72802977,1.70199776,1.72059205,0.0,33823.27841805,zero_volume_weekday
2005-02-09,si1s,3.22504657,3.25210645,3.19552669,3.24226649,0.0,112502.50114778,zero_volume_weekday
2005-02-10,gc1s,233.80238292,237.01829408,233.0689295,236.22842116,0.0,299697.83166805,zero_volume_weekday
2005-02-10,hg1s,1.71935243,1.77017684,1.71253452,1.76645798,0.0,31952.54328517,zero_volume_weekday
2005-02-11,gc1s,236.39767964,238.88013738,235.66422622,238.09026446,0.0,0.0,zero_volume_weekday
2005-02-11,hg1s,1.76645798,1.76645798,1.74538444,1.76335893,0.0,0.0,zero_volume_weekday
2005-02-11,si1s,3.42430574,3.56206516,3.41692577,3.54730522,0.0,0.0,zero_volume_weekday
2005-02-14,gc1s,238.09026446,241.30617562,238.09026446,241.08049764,0.0,300116.12680593,zero_volume_weekday
2005-02-14,si1s,3.53992525,3.61618494,3.53992525,3.61126496,0.0,105280.92635097,zero_volume_weekday
2005-02-18,hg1s,1.85323135,1.85509078,1.82967858,1.84951249,0.0,0.0,zero_volume_weekday
2005-02-25,hg1s,1.83525312,1.84393337,1.79061183,1.84269334,0.0,0.0,zero_volume_weekday
2005-03-04,hg1s,1.82781291,1.86873409,1.81665258,1.85261362,0.0,0.0,zero_volume_weekday
2005-03-11,hg1s,1.85385366,1.85385366,1.80549226,1.83401309,0.0,0.0,zero_volume_weekday
2005-03-18,hg1s,1.865634,1.88361452,1.84393337,1.86873409,0.0,0.0,zero_volume_weekday
2005-03-24,hg1s,1.79929208,1.81913265,1.78813176,1.80239217,0.0,0.0,zero_volume_weekday
2005-04-01,hg1s,1.86005384,1.86625402,1.8240928,1.84083328,0.0,0.0,zero_volume_weekday
2005-04-08,hg1s,1.86129387,1.87679432,1.85261362,1.86935411,0.0,0.0,zero_volume_weekday
2005-04-15,hg1s,1.76705115,1.80549226,1.76705115,1.79185186,0.0,48197.79842739,zero_volume_weekday
2005-04-22,hg1s,1.83897323,1.85633373,1.83525312,1.84517341,0.0,0.0,zero_volume_weekday
2005-04-29,hg1s,1.79102504,1.82774167,1.77982335,1.82214083,0.0,0.0,zero_volume_weekday
2005-05-06,hg1s,1.78355724,1.80471598,1.77484482,1.7935143,0.0,0.0,zero_volume_weekday
2005-05-08,gc1s,239.3896289,239.44570518,239.22140007,239.3896289,0.0,373007.99750267,weekend_row
2005-05-08,hg1s,1.78604651,1.78791346,1.78604651,1.78791346,5222.42839525,47377.87040172,weekend_row
2005-05-08,si1s,3.38250459,3.38493455,3.37278475,3.37521471,0.0,140158.6746217,weekend_row
2005-05-13,hg1s,1.72008103,1.72381492,1.67278502,1.68336439,0.0,0.0,zero_volume_weekday
2005-05-20,hg1s,1.69269913,1.71634713,1.68398671,1.71136861,0.0,0.0,zero_volume_weekday
2005-06-03,hg1s,1.88748399,1.95158253,1.87939389,1.93851389,0.0,0.0,zero_volume_weekday
2005-06-10,hg1s,1.922956,1.94535937,1.91486589,1.94473705,0.0,0.0,zero_volume_weekday
2005-06-17,hg1s,1.95407179,2.00385706,1.95407179,1.99638927,0.0,0.0,zero_volume_weekday
2005-06-24,hg1s,1.96900737,2.00385706,1.96153958,1.98269832,0.0,0.0,zero_volume_weekday
2005-07-08,hg1s,1.96287773,2.00251891,1.9539265,1.98973143,0.0,0.0,zero_volume_weekday
2005-07-15,hg1s,1.9782227,2.00379766,1.97310771,1.99740392,0.0,0.0,zero_volume_weekday
2005-07-22,hg1s,2.01402764,2.06070193,2.0076339,2.05047195,0.0,0.0,zero_volume_weekday
2005-07-29,hg1s,2.10865497,2.11504871,2.09203125,2.1029006,0.0,0.0,zero_volume_weekday
2005-08-05,hg1s,2.11568808,2.12911493,2.10353998,2.10865497,0.0,0.0,zero_volume_weekday
2005-08-12,hg1s,2.10226123,2.15980488,2.09586749,2.14318116,0.0,0.0,zero_volume_weekday
2005-08-19,hg1s,2.11888495,2.13167243,2.09139187,2.12144245,0.0,0.0,zero_volume_weekday
2005-08-26,hg1s,2.10734198,2.15986141,2.10668549,2.15723544,0.0,0.0,zero_volume_weekday
2005-09-09,hg1s,2.1237543,2.13688416,2.08108227,2.106029,0.0,0.0,zero_volume_weekday
2005-09-15,hg1s,2.11390691,2.12572378,2.08633421,2.10668549,0.0,0.0,zero_volume_weekday
2005-09-16,gc1s,252.52771637,255.1118232,251.70300142,254.72695622,0.0,0.0,zero_volume_weekday
2005-09-16,hg1s,2.10340303,2.11062445,2.07123488,2.09158615,0.0,0.0,zero_volume_weekday
2005-09-16,si1s,3.38364584,3.4983457,3.37886668,3.48305239,0.0,0.0,zero_volume_weekday
2005-09-23,hg1s,2.24520548,2.26883922,2.22157173,2.23010614,0.0,0.0,zero_volume_weekday
2005-09-30,hg1s,2.28196907,2.29378595,2.25833533,2.26818273,0.0,0.0,zero_volume_weekday
2005-10-07,hg1s,2.34105343,2.37519106,2.33186253,2.37453456,0.0,0.0,zero_volume_weekday
2005-10-14,hg1s,2.32464111,2.3344885,2.28065609,2.30625931,0.0,0.0,zero_volume_weekday
2005-10-28,hg1s,2.36600016,2.3896339,2.32661059,2.3896339,0.0,0.0,zero_volume_weekday
2005-11-04,hg1s,2.39751181,2.43427541,2.38700793,2.42377153,0.0,0.0,zero_volume_weekday
2005-11-11,hg1s,2.45528318,2.50255067,2.45528318,2.50189417,0.0,0.0,zero_volume_weekday
2005-11-18,hg1s,2.53668829,2.5997116,2.53668829,2.59708563,0.0,0.0,zero_volume_weekday
2005-12-02,hg1s,2.77418754,2.81932451,2.74571653,2.75127185,0.0,0.0,zero_volume_weekday
2005-12-09,hg1s,2.81654685,2.82765749,2.81168594,2.81932451,0.0,0.0,zero_volume_weekday
2005-12-16,hg1s,2.77765961,2.82210217,2.75682717,2.81793568,0.0,0.0,zero_volume_weekday
2005-12-22,si1s,3.98036318,4.06063148,3.98036318,4.05024382,0.0,206668.64355837,zero_volume_weekday
2005-12-23,hg1s,2.81307477,2.83460163,2.81168594,2.83251839,0.0,0.0,zero_volume_weekday
2005-12-30,hg1s,2.83946254,2.85404525,2.81238036,2.83599046,0.0,0.0,zero_volume_weekday
2006-01-06,hg1s,2.86446148,2.90959844,2.8332128,2.89709898,0.0,0.0,zero_volume_weekday
2006-01-13,hg1s,2.91445935,2.9450136,2.89987664,2.93390297,0.0,0.0,zero_volume_weekday
2006-01-20,hg1s,2.93043089,2.94709685,2.89223807,2.90265429,0.0,0.0,zero_volume_weekday
2006-01-27,hg1s,3.05611999,3.10750669,3.04987025,3.10125696,0.0,0.0,zero_volume_weekday
2006-02-03,hg1s,3.2012527,3.2290293,3.18319792,3.20541919,0.0,0.0,zero_volume_weekday
2006-02-10,hg1s,3.19430855,3.2012527,3.03459313,3.0894519,0.0,0.0,zero_volume_weekday
2006-02-17,hg1s,3.09014632,3.12070057,3.04431494,3.0568144,0.0,0.0,zero_volume_weekday
2006-02-24,hg1s,3.0517063,3.11506593,3.04404744,3.07329035,0.0,0.0,zero_volume_weekday
2006-03-03,hg1s,3.16032281,3.17494426,3.14570136,3.15266395,0.0,0.0,zero_volume_weekday
2006-03-10,hg1s,3.05797263,3.08164546,3.00087934,3.0774679,0.0,0.0,zero_volume_weekday
2006-03-17,hg1s,3.15405647,3.29052337,3.15057517,3.28634582,0.0,0.0,zero_volume_weekday
2006-03-24,hg1s,3.33786903,3.35875683,3.31558872,3.33438774,0.0,0.0,zero_volume_weekday
2006-03-24,ho1s,3.10072142,3.14704228,3.07591288,3.11217152,0.0,0.0,zero_volume_weekday
2006-03-24,rb1s,5.47704496,5.59977986,5.45802105,5.56909613,0.0,0.0,zero_volume_weekday
2006-03-31,hg1s,3.45901822,3.49661625,3.40749501,3.42977532,0.0,0.0,zero_volume_weekday
2006-03-31,ho1s,3.25876748,3.25876748,3.18520927,3.23257105,0.0,0.0,zero_volume_weekday
2006-03-31,rb1s,5.84831803,5.84831803,5.63660033,5.78173435,0.0,0.0,zero_volume_weekday
2006-04-07,hg1s,3.68530263,3.69992408,3.60175146,3.67694751,0.0,0.0,zero_volume_weekday
2006-04-07,ho1s,3.27455474,3.27542217,3.22250884,3.26605391,0.0,0.0,zero_volume_weekday
2006-04-07,rb1s,6.12140319,6.12140319,5.98946317,6.06555881,0.0,0.0,zero_volume_weekday
2006-04-13,hg1s,3.86006382,3.92551223,3.84544236,3.92063841,0.0,0.0,zero_volume_weekday
2006-04-13,ho1s,3.4211507,3.45324568,3.37882003,3.44040769,0.0,0.0,zero_volume_weekday
2006-04-13,pl1s,1297.70220677,1298.88086454,1267.64643359,1283.79404506,0.0,0.0,zero_volume_weekday
2006-04-13,rb1s,6.38681741,6.47426603,6.30090298,6.46782244,0.0,0.0,zero_volume_weekday
2006-04-21,hg1s,4.11907243,4.375296,4.03621752,4.37320722,0.0,0.0,zero_volume_weekday
2006-04-21,ho1s,3.5570268,3.62873966,3.51996366,3.60477791,0.0,0.0,zero_volume_weekday
2006-04-21,rb1s,6.72130414,6.92102559,6.72130414,6.92102559,0.0,0.0,zero_volume_weekday
2006-04-28,hg1s,4.47400368,4.62149831,4.45433773,4.52387091,0.0,0.0,zero_volume_weekday
2006-04-28,ho1s,3.43583896,3.52013605,3.41687643,3.46997152,0.0,0.0,zero_volume_weekday
2006-04-28,rb1s,6.38637305,6.5100943,6.03582951,6.4732725,0.0,0.0,zero_volume_weekday
2006-05-05,hg1s,4.88417921,4.99374665,4.84625202,4.90735694,0.0,0.0,zero_volume_weekday
2006-05-05,ho1s,3.35033517,3.38170954,3.3356823,3.37205589,0.0,0.0,zero_volume_weekday
2006-05-05,rb1s,6.40286921,6.68683894,6.40286921,6.67888543,0.0,0.0,zero_volume_weekday
2006-05-12,hg1s,5.52051318,5.54720268,5.34913847,5.42780227,0.0,0.0,zero_volume_weekday
2006-05-12,ho1s,3.6139144,3.62098226,3.52099798,3.52823822,0.0,0.0,zero_volume_weekday
2006-05-12,rb1s,7.31987933,7.31987933,7.12870054,7.14519671,0.0,0.0,zero_volume_weekday
2006-05-19,hg1s,5.13421772,5.2227145,4.81815781,4.87294153,0.0,0.0,zero_volume_weekday
2006-05-19,ho1s,3.3718835,3.39170797,3.3046527,3.30999668,0.0,0.0,zero_volume_weekday
2006-05-19,rb1s,6.35102412,6.4364507,6.23024861,6.4364507,0.0,0.0,zero_volume_weekday
2006-05-25,rb1s,6.33600657,6.52540612,6.33600657,6.52067113,0.0,0.0,zero_volume_weekday
2006-05-26,hg1s,5.19742971,5.45730119,5.14124128,5.35897144,0.0,0.0,zero_volume_weekday
2006-05-26,ho1s,3.42475412,3.46132338,3.3677741,3.38852503,0.0,0.0,zero_volume_weekday
2006-05-26,ng1s,0.27914706,0.28368604,0.27460808,0.27932862,0.0,0.0,zero_volume_weekday
2006-05-26,rb1s,6.56239822,6.572756,6.54316232,6.572756,0.0,0.0,zero_volume_weekday
2006-06-02,hg1s,4.87223917,5.08505285,4.87223917,5.03799504,0.0,0.0,zero_volume_weekday
2006-06-02,ho1s,3.35076514,3.44856666,3.34481201,3.42645502,0.0,0.0,zero_volume_weekday
2006-06-02,rb1s,6.79174922,6.99890497,6.79174922,6.99150655,0.0,0.0,zero_volume_weekday
2006-06-09,hg1s,4.73387517,4.87434624,4.55336984,4.58989232,0.0,0.0,zero_volume_weekday
2006-06-09,ho1s,3.37627858,3.49108906,3.36726383,3.47986315,0.0,0.0,zero_volume_weekday
2006-06-09,rb1s,6.74735871,6.84353816,6.68817135,6.82223071,0.0,0.0,zero_volume_weekday
2006-06-16,hg1s,4.53721566,4.63695013,4.50912145,4.62360537,0.0,0.0,zero_volume_weekday
2006-06-16,ho1s,3.30654185,3.33409636,3.25296362,3.28681145,0.0,0.0,zero_volume_weekday
2006-06-16,rb1s,6.48723027,6.54020296,6.36264089,6.52481424,0.0,0.0,zero_volume_weekday
2006-06-23,hg1s,4.39393517,4.55196513,4.33353261,4.55196513,0.0,0.0,zero_volume_weekday
2006-06-23,ho1s,3.35149979,3.37410463,3.32507207,3.33570964,0.0,0.0,zero_volume_weekday
2006-06-23,rb1s,6.75487647,6.80695151,6.73999789,6.80189279,0.0,0.0,zero_volume_weekday
2006-06-30,hg1s,4.77468868,4.98988185,4.77324443,4.8454569,0.0,0.0,zero_volume_weekday
2006-06-30,ho1s,3.4081781,3.42995187,3.35748342,3.37177766,0.0,0.0,zero_volume_weekday
2006-06-30,rb1s,7.03756954,7.11196245,6.98698236,7.09589358,0.0,0.0,zero_volume_weekday
2006-07-07,hg1s,5.22385026,5.22746088,5.10686606,5.12347492,0.0,0.0,zero_volume_weekday
2006-07-07,rb1s,7.11196245,7.17891607,7.0673267,7.10482073,0.0,5006.18925394,zero_volume_weekday
2006-07-14,hg1s,5.30472823,5.3798292,5.26501137,5.36177608,0.0,0.0,zero_volume_weekday
2006-07-14,ho1s,3.45721065,3.5378235,3.44058945,3.45056217,0.0,0.0,zero_volume_weekday
2006-07-14,rb1s,7.12684103,7.24586969,7.12684103,7.23337169,0.0,0.0,zero_volume_weekday
2006-07-21,hg1s,4.91766938,4.9971031,4.68297884,4.79924092,0.0,0.0,zero_volume_weekday
2006-07-21,ho1s,3.21454106,3.27271527,3.20290621,3.25443195,0.0,0.0,zero_volume_weekday
2006-07-21,pl1s,1422.8207678,1431.67625698,1414.54787659,1422.12165023,0.0,0.0,zero_volume_weekday
2006-07-21,rb1s,7.01673952,7.23099111,7.01673952,7.21492224,0.0,0.0,zero_volume_weekday
2006-07-28,hg1s,5.00432434,5.14152804,4.96821811,5.1256413,0.0,0.0,zero_volume_weekday
2006-07-28,ho1s,3.2986607,3.31699553,3.22950302,3.24446038,0.0,0.0,zero_volume_weekday
2006-07-28,pl1s,1447.17336304,1449.50375493,1427.94762995,1437.5022367,0.0,0.0,zero_volume_weekday
2006-07-28,rb1s,7.077386,7.077386,6.8768123,6.98750485,0.0,0.0,zero_volume_weekday
2006-08-04,hg1s,5.02021109,5.32205922,5.02021109,5.24623613,0.0,0.0,zero_volume_weekday
2006-08-11,hg1s,5.21807326,5.31194948,4.92489062,5.02093321,0.0,0.0,zero_volume_weekday
2006-08-18,hg1s,4.85267815,5.00360222,4.83967991,4.96027474,0.0,0.0,zero_volume_weekday
2006-08-25,hg1s,4.93933312,4.9884376,4.92489062,4.97182873,0.0,0.0,zero_volume_weekday
2006-09-01,hg1s,5.00587739,5.05658816,4.95154442,5.01457067,0.0,0.0,zero_volume_weekday
2006-09-08,hg1s,5.27464447,5.30289761,5.12178772,5.16960073,0.0,0.0,zero_volume_weekday
2006-09-15,hg1s,4.87982491,4.8870693,4.74507915,4.79796324,0.0,0.0,zero_volume_weekday
2006-09-29,hg1s,4.96965541,5.04934377,4.94067783,5.01384623,0.0,0.0,zero_volume_weekday
2006-10-06,hg1s,4.77550561,4.96241102,4.77043453,4.90952693,0.0,0.0,zero_volume_weekday
2006-10-13,hg1s,4.90880249,4.9913886,4.88996706,4.94574891,0.0,0.0,zero_volume_weekday
2006-10-16,hg1s,4.94792223,5.19423168,4.92039352,5.18843616,0.0,35240.34474058,zero_volume_weekday
2006-10-17,gc1s,311.11478493,312.41304392,305.8698186,308.20668478,0.0,369577.64423558,zero_volume_weekday
2006-10-17,hg1s,5.18408952,5.20872047,5.04354825,5.06528144,0.0,35876.00853161,zero_volume_weekday
2006-10-18,gc1s,308.3105455,310.95899385,307.27193831,307.73931155,0.0,369681.6296505,zero_volume_weekday
2006-10-20,hg1s,5.0848413,5.10005453,4.97689981,5.01601955,0.0,35745.56286765,zero_volume_weekday
2006-10-23,gc1s,309.24529198,309.50494378,302.49434522,302.70206666,0.0,362004.03984851,zero_volume_weekday
2006-10-23,hg1s,5.01457067,5.04209937,4.93343343,5.00008187,0.0,35270.7130433,zero_volume_weekday
2006-10-24,gc1s,303.01364881,305.8698186,299.11887184,305.14279356,0.0,354349.55791651,zero_volume_weekday
2006-10-24,hg1s,4.99573524,5.01746842,4.85374508,4.95226886,0.0,34212.65376899,zero_volume_weekday
2006-10-25,gc1s,304.93507212,308.62212766,302.49434522,306.80456507,0.0,354139.66143083,zero_volume_weekday
2006-10-25,hg1s,4.95081998,4.95806438,4.86968275,4.932709,0.0,34060.81225539,zero_volume_weekday
2006-10-26,gc1s,306.64877399,312.36111356,306.28526147,311.47829744,0.0,359437.14062452,zero_volume_weekday
2006-10-26,hg1s,4.92981124,4.97400205,4.89721146,4.92618904,0.0,33731.59224635,zero_volume_weekday
2006-10-27,gc1s,311.11478493,312.88041716,308.72598838,312.10146176,0.0,0.0,zero_volume_weekday
2006-10-27,hg1s,4.92618904,4.95516662,4.90083365,4.93343343,0.0,0.0,zero_volume_weekday
2006-10-30,gc1s,312.93234752,318.43696564,312.10146176,315.42500478,0.0,351615.12663514,zero_volume_weekday
2006-10-30,hg1s,4.9290868,4.94067783,4.75956794,4.86606056,0.0,32981.35713143,zero_volume_weekday
2006-10-31,gc1s,314.95763154,316.41168162,311.84180996,315.11342262,0.0,349177.24635189,zero_volume_weekday
2006-10-31,hg1s,4.86606056,4.89648702,4.8247675,4.84722513,0.0,32393.31636057,zero_volume_weekday
2006-11-01,gc1s,315.47693514,321.81243902,315.47693514,321.60471758,0.0,338322.32442718,zero_volume_weekday
2006-11-01,hg1s,4.85374508,4.88199823,4.6581464,4.69581726,0.0,32285.64692366,zero_volume_weekday
2006-11-02,gc1s,322.17595154,326.27844996,320.15066751,326.01879816,0.0,343664.09370501,zero_volume_weekday
2006-11-02,hg1s,4.70595941,4.78130113,4.70161277,4.76898565,0.0,31484.33784507,zero_volume_weekday
2006-11-03,gc1s,325.29177312,327.83636075,321.7085783,326.74582319,0.0,0.0,zero_volume_weekday
2006-11-03,hg1s,4.77115897,4.83563409,4.73783475,4.81390091,0.0,0.0,zero_volume_weekday
2006-11-06,gc1s,326.4861714,328.30373399,324.30509629,326.07072852,0.0,347467.26397311,zero_volume_weekday
2006-11-06,hg1s,4.80955427,4.87258051,4.75956794,4.83490965,0.0,29966.61289776,zero_volume_weekday
2006-11-07,gc1s,324.98019096,327.78443039,323.88965341,325.9668678,0.0,343912.50330733,zero_volume_weekday
2006-11-07,hg1s,4.82766526,4.93343343,4.82766526,4.87620271,0.0,27118.20414035,zero_volume_weekday
2006-11-08,gc1s,326.38231068,326.74582319,320.82576219,321.08541399,0.0,335104.55353199,zero_volume_weekday
2006-11-08,hg1s,4.87113163,4.87475383,4.67263519,4.70088833,0.0,24458.90708625,zero_volume_weekday
2006-11-09,gc1s,320.61804075,330.79639125,319.11206032,330.69253053,0.0,334264.96758926,zero_volume_weekday
2006-11-09,hg1s,4.69436838,4.80593207,4.67263519,4.79434104,0.0,21883.12286463,zero_volume_weekday
2006-11-10,gc1s,330.58866981,331.31569485,325.34370348,327.21319643,0.0,0.0,zero_volume_weekday
2006-11-10,hg1s,4.79216772,4.80665651,4.46254772,4.47486319,0.0,0.0,zero_volume_weekday
2006-11-13,gc1s,326.59003212,329.1865501,322.7471855,324.98019096,0.0,315381.98650114,zero_volume_weekday
2006-11-13,hg1s,4.47051655,4.5262984,4.37561497,4.45530332,0.0,16864.07065143,zero_volume_weekday
2006-11-14,gc1s,325.4475642,327.36898751,321.9682301,324.72053917,0.0,299279.65243437,zero_volume_weekday
2006-11-14,hg1s,4.44805893,4.53499167,4.42053022,4.47558763,0.0,16173.88195325,zero_volume_weekday
2006-11-15,gc1s,324.14930521,324.98019096,319.89101571,323.94158377,0.0,289168.03366079,zero_volume_weekday
2006-11-15,hg1s,4.46544548,4.51180961,4.39734816,4.48355647,0.0,15866.74798255,zero_volume_weekday
2006-11-16,gc1s,323.99351413,326.64196248,322.53946406,322.85104622,0.0,284648.5194232,zero_volume_weekday
2006-11-16,hg1s,4.48283203,4.49442306,4.3908282,4.40604143,0.0,14562.29134299,zero_volume_weekday
2006-11-17,gc1s,322.85104622,323.47421053,319.11206032,323.26648909,0.0,0.0,zero_volume_weekday
2006-11-17,hg1s,4.39300152,4.44081453,4.31041541,4.42994794,0.0,0.0,zero_volume_weekday
2006-11-20,gc1s,323.26648909,325.86300708,322.2278819,323.05876766,0.0,251313.49131629,zero_volume_weekday
2006-11-20,hg1s,4.37633941,4.49007642,4.37561497,4.40676587,0.0,13329.61432803,zero_volume_weekday
2006-11-21,gc1s,322.64332478,326.64196248,322.64332478,326.4861714,0.0,224055.83301502,zero_volume_weekday
2006-11-21,hg1s,4.40459255,4.53136948,4.38648156,4.51398293,0.0,11023.0036987,zero_volume_weekday
2006-11-22,gc1s,326.64196248,329.75778406,325.29177312,326.64196248,0.0,0.0,zero_volume_weekday
2006-11-22,hg1s,4.51688069,4.59439572,4.47703651,4.50746297,0.0,0.0,zero_volume_weekday
2006-11-24,gc1s,327.10933571,332.61395384,326.90161427,331.62727701,0.0,0.0,zero_volume_weekday
2006-11-24,hg1s,4.50601409,4.67553295,4.50311633,4.67118631,0.0,0.0,zero_volume_weekday
2006-11-24,si1s,5.91127864,6.10583278,5.90222961,6.09452149,0.0,0.0,zero_volume_weekday
2006-11-27,gc1s,332.29515533,333.01440892,330.49702138,332.4492811,0.0,296329.42406704,zero_volume_weekday
2006-11-27,hg1s,4.64235183,4.72164666,4.5991001,4.63586407,0.0,30702.82159721,zero_volume_weekday
2006-11-28,gc1s,332.4492811,332.9116584,328.28788537,330.7025224,0.0,357446.39454971,zero_volume_weekday
2006-11-28,hg1s,4.62793459,4.65821079,4.52340959,4.57026562,0.0,32154.55559931,zero_volume_weekday
2006-11-29,gc1s,331.21627496,332.29515533,329.10988947,329.72639254,0.0,365878.46933333,zero_volume_weekday
2006-11-29,hg1s,4.56233614,4.60775045,4.47655355,4.54863976,0.0,32934.17768166,zero_volume_weekday
2006-11-30,gc1s,329.77776779,336.25105004,329.418141,335.42904594,0.0,399040.3479318,zero_volume_weekday
2006-11-30,hg1s,4.57026562,4.62793459,4.54503545,4.60702959,0.0,32969.55199322,zero_volume_weekday
2006-12-01,gc1s,336.50792632,336.7648026,333.52816147,334.24741506,0.0,0.0,zero_volume_weekday
2006-12-01,hg1s,4.59982097,4.61351735,4.52845562,4.57314907,0.0,0.0,zero_volume_weekday
2006-12-04,gc1s,334.55566659,335.9427985,331.11352445,334.40154083,0.0,377993.25083224,zero_volume_weekday
2006-12-04,hg1s,4.57531166,4.59333321,4.54503545,4.57891597,0.0,33436.3541831,zero_volume_weekday
2006-12-05,gc1s,334.70979236,336.09692427,330.7025224,332.86028315,0.0,387069.6046448,zero_volume_weekday
2006-12-05,hg1s,4.57026562,4.75048114,4.55584838,4.68127838,0.0,33675.65099663,zero_volume_weekday
2006-12-06,gc1s,332.65478212,333.32266045,324.43474118,326.69525244,0.0,380042.87565845,zero_volume_weekday
2006-12-06,hg1s,4.67983666,4.67983666,4.54143114,4.55584838,0.0,33170.70003938,zero_volume_weekday
2006-12-07,gc1s,326.59250192,328.28788537,323.25311029,327.26038025,0.0,381321.70140472,zero_volume_weekday
2006-12-07,hg1s,4.54359372,4.57026562,4.44051045,4.47222838,0.0,33905.23721483,zero_volume_weekday
2006-12-08,gc1s,328.03100909,330.2401451,322.73935773,324.1778649,0.0,382629.72408583,zero_volume_weekday
2006-12-08,hg1s,4.49097079,4.51259665,4.45781114,4.48664562,0.0,33440.51586681,zero_volume_weekday
2006-12-11,gc1s,323.40723606,326.33562565,322.27698043,326.13012462,0.0,383414.14840204,zero_volume_weekday
2006-12-11,hg1s,4.48232045,4.55152321,4.46429889,4.51764269,0.0,33362.83110416,zero_volume_weekday
2006-12-12,gc1s,326.18149988,326.48975141,324.12648964,324.53749169,0.0,382575.22314079,zero_volume_weekday
2006-12-12,hg1s,4.521247,4.55224407,4.45132338,4.46141545,0.0,33487.68161557,zero_volume_weekday
2006-12-13,gc1s,324.94849374,326.13012462,322.37973094,324.89711848,0.0,379883.26574795,zero_volume_weekday
2006-12-13,hg1s,4.45636941,4.47871614,4.36265734,4.37274941,0.0,33964.88801473,zero_volume_weekday
2006-12-14,gc1s,324.58886694,325.71912257,323.15035978,324.12648964,0.0,379896.89098422,zero_volume_weekday
2006-12-14,hg1s,4.37274941,4.46501976,4.37274941,4.40807165,0.0,33486.29438766,zero_volume_weekday
2006-12-15,gc1s,323.3558608,325.30812053,317.24220535,318.06420944,0.0,379182.53931164,zero_volume_weekday
2006-12-15,hg1s,4.38716665,4.437627,4.29345458,4.34896096,0.0,33778.30586157,zero_volume_weekday
2006-12-18,gc1s,318.06420944,319.50271661,316.0091992,317.44770637,0.0,380369.88132873,zero_volume_weekday
2006-12-18,hg1s,4.35472786,4.38788751,4.32517251,4.36770337,0.0,33704.78278263,zero_volume_weekday
2006-12-19,gc1s,317.91008367,321.86597838,317.65320739,321.30085056,0.0,380508.08015367,zero_volume_weekday
2006-12-19,hg1s,4.37130769,4.39509613,4.32517251,4.35040268,0.0,33558.4302387,zero_volume_weekday
2006-12-20,gc1s,321.81460312,322.58523196,319.60546712,320.73572275,0.0,378394.22207079,zero_volume_weekday
2006-12-20,hg1s,4.35256527,4.36770337,4.24011079,4.25957406,0.0,34120.25754004,zero_volume_weekday
2006-12-21,gc1s,320.47884647,321.30085056,318.83483828,319.34859084,0.0,382028.267228,zero_volume_weekday
2006-12-21,hg1s,4.27327044,4.29561717,4.11756423,4.15288647,0.0,33503.63473647,zero_volume_weekday
2006-12-22,gc1s,318.98896405,320.88984852,318.98896405,319.70821763,0.0,379602.97517343,zero_volume_weekday
2006-12-22,hg1s,4.13486492,4.19253389,4.10530958,4.11468078,0.0,33231.04445323,zero_volume_weekday
2006-12-26,gc1s,321.09534954,324.89711848,320.94122377,322.0714794,0.0,376015.64511198,zero_volume_weekday
2006-12-26,hg1s,4.10170527,4.15937423,4.10170527,4.14928216,0.0,32984.11788622,zero_volume_weekday
2006-12-27,gc1s,322.17422992,324.69161746,321.86597838,323.8182381,0.0,373734.39126932,zero_volume_weekday
2006-12-27,hg1s,4.15072389,4.23866906,4.13414406,4.20118423,0.0,33059.72180702,zero_volume_weekday
2006-12-28,gc1s,323.3558608,327.87688332,323.25311029,327.209005,0.0,365247.81554065,zero_volume_weekday
2006-12-28,hg1s,4.19830078,4.20118423,4.15504906,4.17379147,0.0,33499.47305276,zero_volume_weekday
2006-12-29,gc1s,327.31175551,328.33926063,325.97599885,327.77413281,0.0,366351.45967784,zero_volume_weekday
2006-12-29,hg1s,4.17018716,4.20983458,4.0800794,4.13919009,0.0,33588.9492526,zero_volume_weekday
2007-01-02,gc1s,328.39063588,330.59977189,328.03100909,330.13739458,0.0,366374.81722572,zero_volume_weekday
2007-01-02,hg1s,4.13919009,4.13919009,3.98925078,4.02529388,0.0,33580.62588517,zero_volume_weekday
2007-01-02,si1s,5.782325,5.92504339,5.76894515,5.76894515,0.0,136716.78351321,zero_volume_weekday
2007-01-03,gc1s,330.34289561,332.55203161,322.12285466,323.56136183,0.0,372457.51198537,zero_volume_weekday
2007-01-03,hg1s,4.03394423,4.03394423,3.81336043,3.81912733,0.0,35168.30822192,zero_volume_weekday
2007-01-04,gc1s,323.30448555,325.1026195,319.75959289,321.71185261,0.0,361750.02274606,zero_volume_weekday
2007-01-04,hg1s,3.83498629,3.83498629,3.68576784,3.75136629,0.0,35493.61316553,zero_volume_weekday
2007-01-05,gc1s,320.37609596,322.58523196,309.79279324,311.79642822,0.0,348895.58556438,zero_volume_weekday
2007-01-05,hg1s,3.76434181,3.82056905,3.63314491,3.65477077,0.0,33854.60339632,zero_volume_weekday
2007-01-08,gc1s,313.02943436,314.62206729,310.82029836,313.08080962,0.0,343021.1622733,zero_volume_weekday
2007-01-08,hg1s,3.65477077,3.73334474,3.5610587,3.6446787,0.0,34195.16784688,zero_volume_weekday
2007-01-09,gc1s,313.90281371,317.19083009,311.84780347,315.95782395,0.0,334993.95165288,zero_volume_weekday
2007-01-09,hg1s,3.6504456,3.71964836,3.59710181,3.68504698,0.0,34688.32736695,zero_volume_weekday
2007-01-10,gc1s,315.85507344,316.0091992,311.43680143,315.13581985,0.0,317919.58415475,zero_volume_weekday
2007-01-10,hg1s,3.68360526,3.87175026,3.68360526,3.84075319,0.0,33745.70600581,zero_volume_weekday
2007-01-11,gc1s,314.41656627,316.98532907,313.3376859,315.39269613,0.0,312446.13210222,zero_volume_weekday
2007-01-11,hg1s,3.85300785,3.89265526,3.7607375,3.83354457,0.0,33016.71774198,zero_volume_weekday
2007-01-12,gc1s,314.15968999,323.04760927,313.74868794,322.0714794,0.0,0.0,zero_volume_weekday
2007-01-12,hg1s,3.82489422,3.83354457,3.74127422,3.75280802,0.0,0.0,zero_volume_weekday
2007-01-16,gc1s,322.37973094,323.15035978,320.17059493,321.55772684,0.0,281695.92032206,zero_volume_weekday
2007-01-16,hg1s,3.67928008,3.76001664,3.58268456,3.71604405,0.0,33311.50367169,zero_volume_weekday
2007-01-17,gc1s,321.30085056,326.13012462,318.83483828,325.35949578,0.0,279560.65115363,zero_volume_weekday
2007-01-17,hg1s,3.69081388,3.71532319,3.63386577,3.70451026,0.0,33204.68712304,zero_volume_weekday
2007-01-18,gc1s,325.20537001,327.46588128,322.02010415,322.68798247,0.0,275550.93876807,zero_volume_weekday
2007-01-18,hg1s,3.68360526,3.7607375,3.57547594,3.59277663,0.0,33518.89424342,zero_volume_weekday
2007-01-19,gc1s,322.53385671,327.26038025,322.12285466,326.95212872,0.0,254651.77280507,zero_volume_weekday
2007-01-19,hg1s,3.58268456,3.66774629,3.57691767,3.62881974,0.0,33711.71892215,zero_volume_weekday
2007-01-22,gc1s,326.95212872,328.9557637,324.69161746,325.77049783,0.0,241038.21531738,zero_volume_weekday
2007-01-22,hg1s,3.63819094,3.68216353,3.60431043,3.64684129,0.0,33423.17551801,zero_volume_weekday
2007-01-23,gc1s,325.56499681,333.01440892,324.99986899,331.83277803,0.0,210541.04363923,zero_volume_weekday
2007-01-26,hg1s,3.81696474,3.83498629,3.72685698,3.80182664,0.0,32598.46852876,zero_volume_weekday
2007-01-29,gc1s,331.69101718,332.70863036,328.99434224,330.26635872,0.0,361870.31177502,zero_volume_weekday
2007-02-02,hg1s,3.65981681,3.6713506,3.43851215,3.49329767,0.0,32964.69669556,zero_volume_weekday
2007-02-05,gc1s,332.30158509,334.54033409,331.33485257,333.82800487,0.0,413772.15508193,zero_volume_weekday
2007-02-09,hg1s,3.5459206,3.64900388,3.53294508,3.6295406,0.0,22986.36637821,zero_volume_weekday
2007-02-12,gc1s,342.6303589,342.68123956,337.8984576,339.52663869,0.0,442425.47883123,zero_volume_weekday
2007-02-16,hg1s,3.83138198,3.84507836,3.77299215,3.81263957,0.0,0.0,zero_volume_weekday
2007-02-20,gc1s,343.44444945,343.90237538,335.30354398,336.32115717,0.0,457826.22270252,zero_volume_weekday
2007-02-26,gc1s,348.32899273,351.99240019,348.32899273,350.97478701,0.0,475369.23441705,zero_volume_weekday
2007-03-02,hg1s,3.96124281,3.9921171,3.8528238,3.88728812,0.0,30123.67551279,zero_volume_weekday
2007-03-20,si1s,5.85275426,5.95655783,5.83950275,5.90576034,0.0,140044.32150915,zero_volume_weekday
2007-03-23,hg1s,4.42651113,4.49902981,4.39850887,4.40712495,0.0,31170.32316861,zero_volume_weekday
2007-03-30,hg1s,4.44805133,4.53780217,4.43440921,4.51769798,0.0,31443.30113341,zero_volume_weekday
2007-04-05,hg1s,4.84151899,4.9183457,4.80346463,4.84941706,0.0,29932.86948638,zero_volume_weekday
2007-04-20,hg1s,5.15026186,5.24432073,5.11579754,5.18472618,0.0,10834.1611639,zero_volume_weekday
2007-04-27,hg1s,5.016986,5.09571188,4.94684839,5.05634894,0.0,39050.43387433,zero_volume_weekday
2007-04-30,gc1s,344.85302834,345.20584495,342.13130026,344.50021174,0.0,466499.87147485,zero_volume_weekday
2007-05-16,fesx1s,4192.67637257,4211.77740388,4181.21575379,4187.90111475,0.0,0.0,zero_volume_weekday
2007-05-16,hg1s,5.05563325,5.06350584,4.88816182,4.89889717,0.0,37394.68877124,zero_volume_weekday
2007-05-18,hg1s,4.73285712,4.78080834,4.62335657,4.75719058,0.0,36561.22720669,zero_volume_weekday
2007-05-21,gc1s,333.91571365,334.97416346,331.39559505,334.57094448,0.0,307648.22019859,zero_volume_weekday
2007-05-25,hg1s,4.55250327,4.7557592,4.53031689,4.75289644,0.0,0.0,zero_volume_weekday
2007-06-01,hg1s,4.86239699,4.90605407,4.83090663,4.87384802,0.0,32436.53560812,zero_volume_weekday
2007-06-15,hg1s,4.8545244,4.91177959,4.7836711,4.89818148,0.0,15258.70413356,zero_volume_weekday
2007-06-25,gc1s,328.27997328,328.4297816,325.38367902,326.93169836,0.0,379773.29032679,zero_volume_weekday
2007-06-29,hg1s,4.91104958,4.97258079,4.89387807,4.93752231,0.0,35646.73605919,zero_volume_weekday
2007-07-02,gc1s,325.38367902,330.22748149,324.88431794,329.17882322,0.0,359453.32461764,zero_volume_weekday
2007-07-05,gc1s,327.73067609,328.92914268,323.28636249,324.88431794,0.0,350151.43827498,zero_volume_weekday
2007-07-09,gc1s,328.37984549,332.57447856,327.23131501,330.82671478,0.0,340869.57752186,zero_volume_weekday
2007-07-13,hg1s,5.120685,5.1721995,5.05414543,5.14143389,0.0,40182.15759311,zero_volume_weekday
2007-07-23,gc1s,341.91253073,342.46182792,339.8152142,340.31457528,0.0,269926.92400729,zero_volume_weekday
2007-07-27,hg1s,5.05486091,5.11138377,5.01121667,5.0756098,0.0,36684.50200339,zero_volume_weekday
2007-09-05,si1s,5.31195364,5.32477412,5.24144098,5.27990243,0.0,173118.27665436,zero_volume_weekday
2007-09-10,gc1s,347.74232583,351.07516278,347.00714121,349.06565815,0.0,457113.75116764,zero_volume_weekday
2007-09-17,gc1s,350.83010124,357.2507136,350.33997816,354.75108589,0.0,495034.83819241,zero_volume_weekday
2007-09-18,si1s,5.53203861,5.6538332,5.48075667,5.52349162,0.0,174622.9001018,zero_volume_weekday
2007-10-12,gc1s,369.16070446,371.31724602,367.5923106,369.45477831,0.0,640875.75611611,zero_volume_weekday
2007-10-15,gc1s,369.55280293,375.18921836,368.91564292,373.57181219,0.0,651650.60065382,zero_volume_weekday
2007-10-22,gc1s,377.83588299,378.76711685,367.10218752,372.49354141,0.0,626875.19121974,zero_volume_weekday
2007-10-29,gc1s,386.21698767,391.26525541,386.06995075,388.47155384,0.0,645380.74697755,zero_volume_weekday
2007-11-05,gc1s,397.2937693,399.05821239,393.81389543,397.39179392,0.0,646525.3574274,zero_volume_weekday
2007-12-03,gc1s,383.56178689,389.14952511,380.4520891,386.13700537,0.0,515270.64936102,zero_volume_weekday
2007-12-10,gc1s,389.19811413,397.45824889,388.46927871,395.27174263,0.0,528683.14240871,zero_volume_weekday
2008-01-08,gc1s,418.20576384,429.52700736,417.57410648,427.72921332,0.0,592788.14984305,zero_volume_weekday
2008-01-28,gc1s,443.36963005,451.77336813,442.88665659,450.51763715,0.0,492646.12458311,zero_volume_weekday
2008-02-11,gc1s,446.31576811,449.64828494,444.14238757,447.57149909,0.0,642420.40207053,zero_volume_weekday
2008-02-19,si1s,7.23103641,7.42077206,7.22471189,7.38198166,0.0,159488.74201661,zero_volume_weekday
2008-02-25,gc1s,457.85883364,461.19135047,451.82166548,454.23653274,0.0,653319.55183751,zero_volume_weekday
2008-03-03,gc1s,471.18890095,479.10966558,471.14060361,475.34247265,0.0,637287.61478475,zero_volume_weekday
2008-03-10,gc1s,471.04400891,474.66630981,464.57216464,469.35360183,0.0,586686.48994525,zero_volume_weekday
2008-03-24,gc1s,443.51452208,447.95787785,437.6705433,443.70771146,0.0,364788.1655386,zero_volume_weekday
2008-03-31,gc1s,449.99433796,454.46352564,440.71957213,442.83402652,0.0,527224.80437195,zero_volume_weekday
2008-04-07,gc1s,440.67151635,448.69683186,439.42206603,445.38098294,0.0,519217.44317641,zero_volume_weekday
2008-04-21,gc1s,442.16124558,447.83182779,439.22984291,440.95985104,0.0,533898.29900659,zero_volume_weekday
2008-04-28,gc1s,427.69645535,431.58897365,427.11978597,430.33952333,0.0,500075.10543272,zero_volume_weekday
2008-05-12,gc1s,424.9572758,428.0809016,422.17004047,425.24561049,0.0,473632.91761784,zero_volume_weekday
2008-05-26,gc1s,444.41986731,446.43821013,443.6509748,446.43821013,0.0,289532.28031789,zero_volume_weekday
2008-05-27,si1s,7.63775331,7.64815897,7.25482508,7.269393,0.0,163048.30743115,zero_volume_weekday
2008-06-09,gc1s,433.14879773,436.2082308,426.98212795,429.32450639,0.0,529177.25687315,zero_volume_weekday
2008-06-16,gc1s,417.13457775,428.94207726,415.27023572,423.68367667,0.0,504520.13960536,zero_volume_weekday
2008-07-07,gc1s,446.91624655,447.01185383,438.02476919,444.0002244,0.0,582399.14348782,zero_volume_weekday
2008-07-21,gc1s,457.6242623,463.21728838,456.85940403,460.68369537,0.0,483622.1501674,zero_volume_weekday
2008-07-28,gc1s,443.80076448,445.97602662,441.01075435,443.46974633,0.0,473859.21077479,zero_volume_weekday
2008-08-04,gc1s,434.57954455,436.99124823,426.58782061,429.33054244,0.0,565526.69144538,zero_volume_weekday
2008-08-18,gc1s,376.17848497,382.98800123,375.98933174,381.00189232,0.0,472603.08630496,zero_volume_weekday
2008-08-25,gc1s,393.01312239,393.39142885,388.28429166,390.45955379,0.0,481017.42850271,zero_volume_weekday
2008-09-08,gc1s,385.68343475,389.18276949,378.68476526,379.48866649,0.0,497621.9560063,zero_volume_weekday
2008-09-15,cl1s,155.34591966,157.13746593,147.72399037,150.41130977,0.0,96126.59368414,zero_volume_weekday
2008-09-22,gc1s,413.58353609,432.12055257,409.61131827,429.85071382,0.0,501603.91286942,zero_volume_weekday
2008-10-13,gc1s,404.69333431,413.77268932,389.89209411,398.40398943,0.0,428143.89294844,zero_volume_weekday
2008-11-20,gc1s,347.66363564,356.27010758,346.43413965,354.04755713,0.0,207408.56565866,zero_volume_weekday
2008-12-08,gc1s,356.85088724,369.89257751,356.33110973,363.51348988,0.0,332754.87393866,zero_volume_weekday
2008-12-17,gc1s,406.37150825,417.52309848,400.32318813,410.38797083,0.0,387080.0408163,zero_volume_weekday
2008-12-24,gc1s,397.15727056,401.45724815,394.74739301,400.70120813,0.0,387590.0667305,zero_volume_weekday
2008-12-30,gc1s,417.05057347,418.609906,408.5923758,411.09675835,0.0,402869.68125549,zero_volume_weekday
2009-01-14,gc1s,388.32105288,392.14850546,381.13867274,382.17822776,0.0,320700.4855267,zero_volume_weekday
2009-01-20,gc1s,394.46387801,409.49017331,389.1715979,404.1033882,0.0,283838.94455768,zero_volume_weekday
2009-01-27,gc1s,426.978725,428.77057387,421.60317838,425.04541437,0.0,398774.92491319,zero_volume_weekday
2009-02-04,gc1s,424.90395262,429.52503655,422.59341065,425.42264571,0.0,486935.14999304,zero_volume_weekday
2009-02-09,gc1s,430.7038845,430.7038845,420.56579219,420.99017745,0.0,488303.01088589,zero_volume_weekday
2009-02-26,gc1s,449.65975942,451.54591613,439.56882103,444.47282847,0.0,534065.9104312,zero_volume_weekday
2009-02-27,gc1s,446.54760085,454.56376687,437.11681731,444.42567455,0.0,515091.87724005,zero_volume_weekday
2009-03-31,gc1s,432.46926082,436.0445533,429.78779145,435.15073018,0.0,567910.57180544,zero_volume_weekday
2009-04-01,gc1s,432.79856407,440.23140898,432.13995756,436.42089988,0.0,570639.97087941,zero_volume_weekday
2009-04-02,gc1s,437.07950639,438.34967609,421.55521007,427.57675531,0.0,554259.32503516,zero_volume_weekday
2009-04-15,gc1s,419.25008729,424.3778094,416.89792118,420.3320837,0.0,499945.55888328,zero_volume_weekday
2009-04-22,gc1s,416.23931467,420.94364688,415.29844822,419.86165047,0.0,492467.34553264,zero_volume_weekday
2009-04-29,gc1s,420.56730031,425.27163253,417.88583094,423.62511625,0.0,482869.80906926,zero_volume_weekday
2009-05-04,gc1s,417.50948437,427.29449538,416.61566124,424.42485273,0.0,475778.47315745,zero_volume_weekday
2009-05-26,gc1s,451.14538136,451.14538136,440.62523089,448.5623087,0.0,391936.90350271,zero_volume_weekday
2009-05-28,gc1s,446.26102578,454.01024377,444.19456766,452.36647025,0.0,533653.20348386,zero_volume_weekday
2009-05-29,gc1s,451.23931128,461.19588226,451.05145145,460.39747798,0.0,534658.20812036,zero_volume_weekday
2009-06-29,gc1s,441.79935483,442.97347876,438.46484285,441.79935483,0.0,486990.75304158,zero_volume_weekday
2009-07-02,gc1s,441.89328474,442.45686423,435.17729582,437.24375395,0.0,0.0,zero_volume_weekday
2009-07-30,gc1s,436.38497247,439.89703095,435.91669801,438.91365458,0.0,507480.16079688,zero_volume_weekday
2009-08-25,gc1s,441.95743859,447.81086938,441.62964646,442.98764241,0.0,541596.90481679,zero_volume_weekday
2009-08-26,gc1s,443.0812973,445.65680685,440.73992498,442.89398751,0.0,530103.6451576,zero_volume_weekday
2009-08-28,gc1s,444.62660303,451.69754743,444.62660303,448.98155554,0.0,570902.36789799,zero_volume_weekday
2009-09-08,gc1s,467.80618897,472.81672573,465.09019708,468.18080854,0.0,685668.39550927,zero_volume_weekday
2009-09-14,gc1s,471.8801768,473.33182764,465.65212644,468.78956534,0.0,703800.92389391,zero_volume_weekday
2009-09-21,gc1s,471.45872978,472.16114148,466.54184792,470.5690083,0.0,719639.92554612,zero_volume_weekday
2009-09-22,si1s,6.83360617,7.02809956,6.81942436,6.93490481,0.0,234716.87568946,zero_volume_weekday
2009-09-24,gc1s,472.34845126,478.10822716,464.2004756,467.75936152,0.0,715012.29758599,zero_volume_weekday
2009-10-08,gc1s,489.67460641,497.63527229,488.78488493,494.63831572,0.0,782829.36317438,zero_volume_weekday
2009-10-22,gc1s,496.13679401,497.63527229,492.62473553,495.71534699,0.0,755230.16439413,zero_volume_weekday
2009-11-19,gc1s,535.70598617,536.87667233,529.15014368,534.72260979,0.0,509350.85857864,zero_volume_weekday
2009-11-27,gc1s,557.83934689,557.88611411,531.18203404,549.7486186,0.0,773864.75945962,zero_volume_weekday
2009-12-14,gc1s,521.26738434,527.95509617,519.91113509,525.56996817,0.0,720874.64722628,zero_volume_weekday
2009-12-18,gc1s,513.97169872,522.90423689,513.22342327,519.81760066,0.0,694537.8216118,zero_volume_weekday
2009-12-24,gc1s,509.10790831,517.66630875,508.96760666,516.68419722,0.0,690528.60280632,zero_volume_weekday
2010-01-04,gc1s,513.97169872,525.9441059,511.53980351,522.99777132,0.0,690939.146812,zero_volume_weekday
2010-01-05,gc1s,524.72815829,528.28246667,521.68828928,523.18484018,0.0,676114.65935684,zero_volume_weekday
2010-01-06,gc1s,523.09130575,533.61392925,522.29626309,531.50940455,0.0,671200.96078884,zero_volume_weekday
2010-01-07,gc1s,532.67858493,532.91242101,527.86156173,530.19992251,0.0,677324.90887359,zero_volume_weekday
2010-01-08,gc1s,529.17104377,533.14625709,523.55897791,532.63181772,0.0,650122.09199713,zero_volume_weekday
2010-01-11,gc1s,532.67858493,543.90271666,532.67858493,538.47771966,0.0,649645.26224053,zero_volume_weekday
2010-01-12,gc1s,538.75832295,541.70465753,525.80380425,528.18893224,0.0,611853.83121753,zero_volume_weekday
2010-01-13,gc1s,528.00186338,532.63181772,523.09130575,531.64970619,0.0,576358.88072631,zero_volume_weekday
2010-01-14,gc1s,532.16414556,536.27966053,528.79690605,534.54927356,0.0,546611.54631463,zero_volume_weekday
2010-01-25,gc1s,511.39950187,516.3100595,510.79152806,512.42838061,0.0,313523.04883889,zero_volume_weekday
2010-01-28,gc1s,507.84979005,512.47510092,501.96303075,506.82194318,0.0,637859.61193594,zero_volume_weekday
2010-01-29,gc1s,507.84979005,509.90548377,502.24335262,506.35474007,0.0,647118.96793485,zero_volume_weekday
2010-02-01,gc1s,505.46705414,518.03481803,503.27119948,516.25944618,0.0,648636.50917462,zero_volume_weekday
2010-02-02,gc1s,517.33401336,523.22077265,513.68982903,522.33308673,0.0,649171.60834237,zero_volume_weekday
2010-02-03,gc1s,521.30523986,526.25759292,517.42745398,519.52986801,0.0,645663.49819854,zero_volume_weekday
2010-02-05,gc1s,497.89836362,499.62701516,487.9936575,491.87144339,0.0,637333.07435487,zero_volume_weekday
2010-02-10,gc1s,503.92528385,505.98097757,496.68363551,502.85071667,0.0,610822.12118739,zero_volume_weekday
2010-02-16,gc1s,514.7643962,524.15517889,513.26934622,523.17405234,0.0,607052.88264969,zero_volume_weekday
2010-02-18,gc1s,517.80121647,525.51006793,513.03574466,522.66012891,0.0,609719.81690181,zero_volume_weekday
2010-02-19,gc1s,517.84793679,526.72479604,513.59638841,524.24861951,0.0,615466.78196354,zero_volume_weekday
2010-02-23,gc1s,520.51099456,524.06173826,513.73654934,515.41848057,0.0,596785.39981873,zero_volume_weekday
2010-02-24,gc1s,515.5586415,518.03481803,509.34484003,512.61526186,0.0,581787.64034477,zero_volume_weekday
2010-02-25,gc1s,512.14805874,518.59546178,508.55059472,517.8946571,0.0,599422.36851745,zero_volume_weekday
2010-02-26,gc1s,517.66105554,523.0338914,516.07256493,522.75356953,0.0,585950.71186993,zero_volume_weekday
2010-03-01,gc1s,522.80028984,525.08958513,519.57658833,522.47324766,0.0,594951.07987165,zero_volume_weekday
2010-03-02,gc1s,522.33308673,531.81731004,520.93147737,531.39682723,0.0,594313.24166368,zero_volume_weekday
2010-03-03,gc1s,530.04193818,535.32133343,529.24769288,534.15332563,0.0,590561.12629935,zero_volume_weekday
2010-03-04,gc1s,532.51811471,533.68612251,526.02399136,529.38785382,0.0,596573.50054829,zero_volume_weekday
2010-03-05,gc1s,529.29441319,533.17219908,526.77151635,530.36898037,0.0,592735.76931712,zero_volume_weekday
2010-03-08,gc1s,530.74274286,531.6771491,522.56668828,525.13630544,0.0,569874.19247377,zero_volume_weekday
2010-03-10,gc1s,523.96829764,527.14527885,515.37176026,517.70777585,0.0,522804.72928098,zero_volume_weekday
2010-03-11,gc1s,518.08153835,519.38970708,514.15703215,517.75449616,0.0,513476.8805886,zero_volume_weekday
2010-03-15,gc1s,514.71767589,518.82906334,514.39063371,516.44632743,0.0,476276.78644596,zero_volume_weekday
2010-03-16,gc1s,517.80121647,527.61248197,517.70777585,524.43550076,0.0,488894.42482173,zero_volume_weekday
2010-03-17,gc1s,526.21087261,529.76161631,522.42652735,525.22974606,0.0,466942.51656357,zero_volume_weekday
2010-03-18,gc1s,525.369907,527.70592259,522.42652735,526.77151635,0.0,465103.91582315,zero_volume_weekday
2010-03-19,gc1s,525.97727105,526.77151635,514.39063371,517.47417429,0.0,436148.62965735,zero_volume_weekday
2010-03-25,gc1s,508.03667129,511.86773687,507.14898537,510.60628845,0.0,267962.68043722,zero_volume_weekday
2010-03-26,gc1s,510.04625961,518.49336118,508.50618032,515.87989329,0.0,477763.97259542,zero_volume_weekday
2010-03-29,gc1s,518.49336118,520.82681465,515.31986446,518.72670652,0.0,547375.38848338,zero_volume_weekday
2010-04-05,gc1s,523.62695881,529.36725435,523.06692998,529.133909,0.0,634013.07059001,zero_volume_weekday
2010-04-06,gc1s,528.24719668,531.84071503,524.32699485,530.16062853,0.0,666184.27132082,zero_volume_weekday
2010-04-07,gc1s,529.78727597,538.65439916,528.90056366,538.09437033,0.0,694704.23147315,zero_volume_weekday
2010-04-09,gc1s,537.5343415,544.06801121,536.88097453,542.24791751,0.0,711535.50773134,zero_volume_weekday
2010-04-12,gc1s,544.30135656,546.35479562,538.93441358,542.38792472,0.0,717522.34234183,zero_volume_weekday
2010-04-13,gc1s,539.58778055,540.47449287,534.54752105,538.28104661,0.0,715666.72359714,zero_volume_weekday
2010-04-14,gc1s,537.62767964,542.66793913,537.16098894,541.17452891,0.0,712568.31169779,zero_volume_weekday
2010-04-15,gc1s,539.40110427,542.43459379,537.02098173,541.5012124,0.0,708829.21849976,zero_volume_weekday
2010-04-19,gc1s,530.62731922,531.32735526,524.70034741,530.06729039,0.0,712075.47992957,zero_volume_weekday
2010-04-21,gc1s,532.21406758,537.25432708,531.14067899,536.13426941,0.0,695079.21216636,zero_volume_weekday
2010-04-26,gc1s,540.66116915,541.68788867,537.20765801,538.56106102,0.0,707164.3042219,zero_volume_weekday
2010-04-29,gc1s,543.88133494,546.86815538,542.38792472,545.4680833,0.0,711773.35262818,zero_volume_weekday
2010-04-30,gc1s,545.09473074,551.86174581,545.0013926,551.02170256,0.0,726547.59194075,zero_volume_weekday
2010-05-04,gc1s,552.04842208,556.66865996,544.58137098,545.65475957,0.0,730912.36720975,zero_volume_weekday
2010-05-05,gc1s,546.58814096,549.62163047,539.58778055,548.3615656,0.0,727479.68680674,zero_volume_weekday
2010-05-06,gc1s,548.82825629,565.58245221,547.42818421,558.76876808,0.0,732191.5870603,zero_volume_weekday
2010-05-07,gc1s,563.94903478,566.9825243,556.76199809,564.88241617,0.0,707952.83505105,zero_volume_weekday
2010-05-10,gc1s,563.29566781,563.29566781,552.74845813,560.40218551,0.0,700753.20574137,zero_volume_weekday
2010-05-11,gc1s,560.8688762,576.45634539,560.728869,569.50265404,0.0,701008.19261276,zero_volume_weekday
2010-05-18,gc1s,571.18274054,573.8428775,563.10899154,566.84251709,0.0,617063.9432568,zero_volume_weekday
2010-05-19,gc1s,571.13607147,573.18951053,553.77517765,556.80866716,0.0,586129.10744018,zero_volume_weekday
2010-05-20,gc1s,555.82861671,559.1887897,548.3615656,554.70855904,0.0,556606.34177686,zero_volume_weekday
2010-05-21,gc1s,552.09509115,554.42854462,544.16134935,548.87492536,0.0,526192.1934371,zero_volume_weekday
2010-05-24,gc1s,549.80830675,558.76876808,549.20160885,557.22868879,0.0,433280.54864633,zero_volume_weekday
2010-05-25,gc1s,556.38991003,562.12156488,553.08139381,559.09264159,0.0,515193.30389084,zero_volume_weekday
2010-05-26,gc1s,561.51578022,567.89981855,560.44400736,566.31545868,0.0,651527.22841488,zero_volume_weekday
2010-05-27,gc1s,565.47667992,568.78519613,562.6341519,565.8960693,0.0,736598.05221438,zero_volume_weekday
2010-05-28,gc1s,565.4300811,567.24743508,560.95659438,566.17566222,0.0,0.0,zero_volume_weekday
2010-06-01,gc1s,568.36580675,573.44507813,566.64165042,571.72092179,0.0,745830.04565531,zero_volume_weekday
2010-06-02,gc1s,572.09371235,572.65289819,566.17566222,569.71717253,0.0,742044.54206865,zero_volume_weekday
2010-06-03,gc1s,570.92874185,571.53452651,560.3042109,563.84572122,0.0,731891.92445614,zero_volume_weekday
2010-06-04,gc1s,563.14673892,569.43757961,558.30046165,567.43383035,0.0,748006.06642451,zero_volume_weekday
2010-06-07,gc1s,569.01819023,580.94748814,564.82429644,578.19815776,0.0,763763.97619596,zero_volume_weekday
2010-06-08,gc1s,579.03693652,584.58219609,575.4954262,580.43490112,0.0,754699.36896804,zero_volume_weekday
2010-06-09,gc1s,576.47400142,579.03693652,569.95016663,573.11888639,0.0,748162.72275208,zero_volume_weekday
2010-06-10,gc1s,575.21583328,575.9614144,566.73484806,569.53077725,0.0,742696.919104,zero_volume_weekday
2010-06-11,gc1s,567.94641737,574.28385689,567.62022563,573.25868285,0.0,742276.30759437,zero_volume_weekday
2010-10-29,fesx1s,2869.19548995,2899.6972138,2861.06169693,2886.47980013,0.0,0.0,zero_volume_weekday
2010-11-03,fesx1s,2900.71393793,2909.86445508,2854.96135216,2864.11186931,0.0,1969796.0,zero_volume_weekday
2011-07-25,fesx1s,2872.43421578,2892.29456881,2860.93611667,2872.43421578,0.0,2027680.0,zero_volume_weekday
2011-07-26,fesx1s,2869.29837057,2888.11344185,2846.30217234,2869.29837057,0.0,2025623.0,zero_volume_weekday
2011-07-27,fesx1s,2859.89083493,2860.93611667,2782.53998632,2817.03428368,0.0,2027446.0,zero_volume_weekday
2011-07-28,fesx1s,2783.58526806,2823.3059741,2771.04188721,2819.12484715,0.0,2086040.0,zero_volume_weekday
2011-07-29,fesx1s,2764.77019678,2807.62674803,2750.13625245,2795.08336718,0.0,2180928.0,zero_volume_weekday
2011-08-01,fesx1s,2823.3059741,2834.80407322,2688.46462991,2726.09477248,0.0,2174678.0,zero_volume_weekday
2011-08-02,fesx1s,2710.41554641,2716.68723684,2624.7024439,2668.60427689,0.0,2268523.0,zero_volume_weekday
2011-08-03,fesx1s,2623.65716216,2668.60427689,2590.20814655,2610.06849957,0.0,2382179.0,zero_volume_weekday
2011-08-04,fesx1s,2634.10997954,2659.19674125,2459.54792931,2518.08370663,0.0,2500158.0,zero_volume_weekday
2011-08-05,fesx1s,2461.63849278,2568.25723005,2426.0989137,2487.77053623,0.0,2468615.0,zero_volume_weekday
2011-08-08,fesx1s,2435.50644934,2541.07990487,2310.07264079,2403.10271546,0.0,2653602.0,zero_volume_weekday
2011-08-09,fesx1s,2325.75186686,2450.14039367,2260.94439911,2404.1479972,0.0,2869265.0,zero_volume_weekday
2011-08-10,fesx1s,2418.78194153,2453.27623888,2232.72179218,2251.53686346,0.0,2887547.0,zero_volume_weekday
2011-08-11,fesx1s,2306.93679557,2367.56313637,2163.73319748,2316.34433122,0.0,3019421.0,zero_volume_weekday
2011-08-12,fesx1s,2322.61602164,2425.05363196,2260.94439911,2405.19327894,0.0,3037288.0,zero_volume_weekday
2011-08-15,fesx1s,2442.8234215,2451.18567541,2406.23856068,2427.14419543,0.0,2978641.0,zero_volume_weekday
2011-08-16,fesx1s,2432.37060412,2457.45736583,2370.69898159,2426.0989137,0.0,3030434.0,zero_volume_weekday
2011-08-17,fesx1s,2413.55553284,2461.63849278,2382.1970807,2435.50644934,0.0,2927678.0,zero_volume_weekday
2011-08-18,fesx1s,2398.92158851,2410.41968763,2270.35193475,2302.75566862,0.0,2907337.0,zero_volume_weekday
2011-08-19,fesx1s,2278.71418865,2300.66510515,2208.68031221,2257.80855389,0.0,2991115.0,zero_volume_weekday
2011-08-22,fesx1s,2231.67651044,2327.84243033,2214.95200264,2279.75947039,0.0,2978923.0,zero_volume_weekday
2014-06-26,ho1s,3.14225684,3.14225684,3.11191781,3.11501363,0.0,0.0,zero_volume_weekday
2017-08-30,nq1s,4545.34200351,4602.83876977,4539.72784114,4595.86946476,0.0,0.0,zero_volume_weekday
2017-09-05,hg1s,3.93997816,4.0106391,3.92799104,3.94691807,0.0,178004.09198015,zero_volume_weekday
2020-03-05,fesx1s,4800.58985059,4822.96370367,4613.20883108,4708.29770665,0.0,0.0,zero_volume_weekday
2020-09-16,cl1s,11.28341936,11.86892143,11.28341936,11.81596144,0.0,0.0,zero_volume_weekday
