date,instrument,y_true,y_score,fold
2020-01-30,cl1s,1,0.5409459579511559,0
2020-01-31,cl1s,0,0.5653693811106711,0
2020-02-05,cl1s,1,0.5632307736155931,0
2020-02-06,cl1s,1,0.5433279127359293,0
2020-02-07,cl1s,1,0.5429778963859676,0
2020-02-10,cl1s,1,0.5144721041649386,0
2020-02-11,cl1s,0,0.530018283707217,0
2020-02-12,cl1s,0,0.53156319285769,0
2020-02-13,cl1s,0,0.5535458071518877,0
2020-02-14,cl1s,0,0.6313734528844042,0
2020-02-18,cl1s,0,0.5891894931124925,0
2020-02-19,cl1s,0,0.6657940432374483,0
2020-02-20,cl1s,0,0.6770829620023269,0
2020-02-21,cl1s,0,0.69753243485659,0
2020-02-24,cl1s,0,0.5809909402458179,0
2020-02-25,cl1s,0,0.5942498289500117,0
2020-02-26,cl1s,0,0.6141862918100753,0
2020-02-27,cl1s,0,0.5817057903588057,0
2020-02-28,cl1s,0,0.6156183753844003,0
2020-03-18,cl1s,1,0.7127986816335007,0
2020-03-20,cl1s,1,0.7058687022660436,0
2020-03-23,cl1s,0,0.7365628994739716,0
2020-03-24,cl1s,0,0.729715372209765,0
2020-03-26,cl1s,1,0.7550458795901582,0
2020-03-27,cl1s,1,0.7498794568770958,0
2020-03-30,cl1s,1,0.7520251101948457,0
2020-04-21,cl1s,1,0.7417964107354618,0
2020-04-22,cl1s,1,0.7448373839548318,0
2020-04-23,cl1s,1,0.7091704718018659,0
2020-04-24,cl1s,1,0.7254401468039524,0
2020-04-27,cl1s,1,0.7505009744309118,0
2020-04-28,cl1s,1,0.7614458689853214,0
2020-04-29,cl1s,1,0.7258795584241026,0
2020-04-30,cl1s,1,0.7432761204157358,0
2020-05-01,cl1s,1,0.7451987370304667,0
2020-05-04,cl1s,1,0.7655578944637115,0
2020-05-05,cl1s,1,0.8431827165688891,0
2020-05-06,cl1s,1,0.8315975700976214,0
2020-05-07,cl1s,1,0.8551883726913209,0
2020-05-08,cl1s,1,0.8549172129563307,0
2020-05-11,cl1s,1,0.8414591074320882,0
2020-05-12,cl1s,1,0.8516261565252153,0
2020-05-13,cl1s,1,0.8472038469408927,0
2020-05-14,cl1s,1,0.8676196259535749,0
2020-05-19,cl1s,1,0.8611132172243956,0
2020-05-27,cl1s,1,0.8600638819692373,0
2020-05-28,cl1s,1,0.8414695924801573,0
2020-06-04,cl1s,1,0.7044807779714465,0
2020-06-05,cl1s,1,0.6744358997908244,0
2020-06-08,cl1s,1,0.7004042614655708,0
2020-06-09,cl1s,1,0.7501545937029201,0
2020-06-10,cl1s,0,0.7273153819072238,0
2020-06-11,cl1s,1,0.7434436826479384,0
2020-06-12,cl1s,1,0.7376923348200075,0
2020-06-17,cl1s,1,0.7676587351801665,0
2020-06-18,cl1s,1,0.7654867878793412,0
2020-06-19,cl1s,1,0.7489716665230824,0
2020-06-22,cl1s,0,0.7667367600527827,0
2020-06-23,cl1s,1,0.7563827501928402,0
2020-06-24,cl1s,1,0.6432850799676314,0
2020-06-25,cl1s,1,0.6932232396295458,0
2020-06-26,cl1s,1,0.6048008772445171,0
2020-06-29,cl1s,1,0.7282525598903541,0
2020-06-30,cl1s,1,0.6950680187314427,0
2020-07-01,cl1s,1,0.7246640234271902,0
2020-07-02,cl1s,0,0.7415418811923413,0
2020-07-06,cl1s,1,0.7308220204334487,0
2020-07-07,cl1s,1,0.702652210030797,0
2020-07-08,cl1s,1,0.7286752598877421,0
2020-07-09,cl1s,1,0.6915474717167428,0
2020-07-10,cl1s,1,0.7067638896195481,0
2020-07-13,cl1s,1,0.6660416860948575,0
2020-07-14,cl1s,1,0.6873393416115906,0
2020-07-15,cl1s,0,0.6897511404653377,0
2020-07-16,cl1s,0,0.6512927165913373,0
2020-07-17,cl1s,0,0.6122942332394524,0
2020-07-20,cl1s,1,0.6228333223830198,0
2020-07-21,cl1s,0,0.6380222099173157,0
2020-07-22,cl1s,1,0.6461337136714564,0
2020-07-23,cl1s,1,0.6463929789506745,0
2020-07-24,cl1s,0,0.654600838986524,0
2020-07-27,cl1s,1,0.6397738865309726,0
2020-07-28,cl1s,1,0.5911788863646188,0
2020-07-29,cl1s,1,0.5561251930069449,0
2020-07-30,cl1s,1,0.4870539711725623,0
2020-07-31,cl1s,1,0.4722391326257276,0
2020-08-03,cl1s,1,0.5199805225107474,0
2020-08-04,cl1s,1,0.6703380592404512,0
2020-08-21,cl1s,0,0.6604654215369863,0
2020-08-24,cl1s,0,0.6851706382329397,0
2020-08-25,cl1s,0,0.7409068924695201,0
2020-08-26,cl1s,0,0.7304959538120499,0
2020-09-01,cl1s,0,0.6387784952897937,0
2020-09-02,cl1s,0,0.626668823900212,0
2020-09-16,cl1s,0,0.6331342860361453,0
2020-09-21,cl1s,0,0.7461550875365045,0
2020-09-22,cl1s,1,0.7419710459127304,0
2020-09-23,cl1s,1,0.7393698227029919,0
2020-09-24,cl1s,1,0.7238804898810559,0
2020-09-25,cl1s,1,0.6932031568599729,0
2020-09-28,cl1s,0,0.7073342978823157,0
2020-09-29,cl1s,1,0.6614108494828069,0
2020-09-30,cl1s,1,0.7428061270235901,0
2020-10-01,cl1s,1,0.6954198372837035,0
2020-10-02,cl1s,1,0.6602299837710476,0
2020-10-05,cl1s,1,0.71310305022293,0
2020-10-07,cl1s,0,0.7894084789682781,0
2020-10-08,cl1s,0,0.8182086342981735,0
2020-10-09,cl1s,0,0.7748720643789887,0
2020-10-12,cl1s,0,0.5962841101322797,0
2020-10-13,cl1s,0,0.736756023543565,0
2020-10-14,cl1s,0,0.7522727161231015,0
2020-10-15,cl1s,0,0.8612520767693559,0
2020-10-16,cl1s,0,0.8090239844437712,0
2020-10-19,cl1s,0,0.8452992274947714,0
2020-10-20,cl1s,0,0.8194018721724116,0
2020-10-21,cl1s,0,0.6691723052356363,0
2020-10-22,cl1s,0,0.7083203752037383,0
2020-10-23,cl1s,0,0.6561031043878262,0
2020-10-26,cl1s,1,0.600371366095667,0
2020-10-27,cl1s,0,0.6383513940962208,0
2020-10-28,cl1s,1,0.6064385137615156,0
2020-10-29,cl1s,1,0.6468638312200281,0
2020-10-30,cl1s,1,0.6078451415551414,0
2020-11-02,cl1s,1,0.689512511837794,0
2020-11-03,cl1s,1,0.6074913423903187,0
2020-11-04,cl1s,1,0.6883168076382223,0
2020-11-05,cl1s,1,0.6598674422326121,0
2020-11-06,cl1s,1,0.6444346622086254,0
2020-11-09,cl1s,1,0.8382330129838845,0
2020-11-10,cl1s,1,0.8192150044834736,0
2020-11-11,cl1s,1,0.8040869041402615,0
2020-11-12,cl1s,1,0.8310125611524751,0
2020-11-13,cl1s,1,0.8204227385385846,0
2020-01-30,cl1s,1,0.6146403073248861,1
2020-01-31,cl1s,0,0.6153486228207978,1
2020-02-05,cl1s,1,0.6334152068711912,1
2020-02-06,cl1s,1,0.6169691639735597,1
2020-02-07,cl1s,1,0.6083471577488088,1
2020-02-10,cl1s,1,0.5785987502787584,1
2020-02-11,cl1s,0,0.5672475054421071,1
2020-02-12,cl1s,0,0.5645548699061326,1
2020-02-13,cl1s,0,0.5792736667974648,1
2020-02-14,cl1s,0,0.6450879315511009,1
2020-02-18,cl1s,0,0.6519225174481379,1
2020-02-19,cl1s,0,0.6705709958309227,1
2020-02-20,cl1s,0,0.6701891521396086,1
2020-02-21,cl1s,0,0.6414799475726064,1
2020-02-24,cl1s,0,0.5834523599687597,1
2020-02-25,cl1s,0,0.5839226553236433,1
2020-02-26,cl1s,0,0.5924247770387776,1
2020-02-27,cl1s,0,0.6471949363848809,1
2020-02-28,cl1s,0,0.6976705938651407,1
2020-03-18,cl1s,1,0.7627423210890478,1
2020-03-20,cl1s,1,0.747376102210822,1
2020-03-23,cl1s,0,0.7576229471454468,1
2020-03-24,cl1s,0,0.7653397603067221,1
2020-03-26,cl1s,1,0.754237267337215,1
2020-03-27,cl1s,1,0.7827085236061586,1
2020-03-30,cl1s,1,0.7953064090691433,1
2020-04-21,cl1s,1,0.7576187294575001,1
2020-04-22,cl1s,1,0.7299010290960961,1
2020-04-23,cl1s,1,0.7189878707814498,1
2020-04-24,cl1s,1,0.6930509027316687,1
2020-04-27,cl1s,1,0.7117878640598527,1
2020-04-28,cl1s,1,0.6937006900339778,1
2020-04-29,cl1s,1,0.6730405986418362,1
2020-04-30,cl1s,1,0.7008686441424178,1
2020-05-01,cl1s,1,0.7113544567250986,1
2020-05-04,cl1s,1,0.7106521622410233,1
2020-05-05,cl1s,1,0.7131831982659314,1
2020-05-06,cl1s,1,0.7045932958812869,1
2020-05-07,cl1s,1,0.6927519115996361,1
2020-05-08,cl1s,1,0.6930785235528132,1
2020-05-11,cl1s,1,0.6927338923956196,1
2020-05-12,cl1s,1,0.6928457852302319,1
2020-05-13,cl1s,1,0.6902496325369243,1
2020-05-14,cl1s,1,0.6897027482357947,1
2020-05-19,cl1s,1,0.7499700902076956,1
2020-05-27,cl1s,1,0.7145727132239441,1
2020-05-28,cl1s,1,0.6941622840560724,1
2020-06-04,cl1s,1,0.6458178590006799,1
2020-06-05,cl1s,1,0.6310660931754764,1
2020-06-08,cl1s,1,0.65130245697442,1
2020-06-09,cl1s,1,0.653526783718397,1
2020-06-10,cl1s,0,0.6480637065153906,1
2020-06-11,cl1s,1,0.6310601495444845,1
2020-06-12,cl1s,1,0.6133703208753823,1
2020-06-17,cl1s,1,0.6242882239182496,1
2020-06-18,cl1s,1,0.6226075170774152,1
2020-06-19,cl1s,1,0.6279833408210379,1
2020-06-22,cl1s,0,0.6142218505422203,1
2020-06-23,cl1s,1,0.6150167917287118,1
2020-06-24,cl1s,1,0.5862816513810136,1
2020-06-25,cl1s,1,0.6071109898867416,1
2020-06-26,cl1s,1,0.536455580120708,1
2020-06-29,cl1s,1,0.6000118195791966,1
2020-06-30,cl1s,1,0.49990123011525883,1
2020-07-01,cl1s,1,0.4902953685409649,1
2020-07-02,cl1s,0,0.5126034101137655,1
2020-07-06,cl1s,1,0.42011973208712194,1
2020-11-16,cl1s,1,0.5805981185277681,1
2020-11-17,cl1s,1,0.6099975626243176,1
2020-11-18,cl1s,1,0.6047096938784117,1
2020-11-19,cl1s,1,0.5760609980075277,1
2020-11-20,cl1s,1,0.6111506619208112,1
2020-11-23,cl1s,1,0.6750493995279602,1
2020-11-24,cl1s,1,0.6699598182660274,1
2020-12-01,cl1s,1,0.6817965970400279,1
2020-12-02,cl1s,1,0.6876639984253607,1
2020-12-03,cl1s,1,0.6669579206735896,1
2020-12-04,cl1s,1,0.6980684068893246,1
2020-12-07,cl1s,1,0.6805779328863444,1
2020-12-08,cl1s,1,0.642269074018581,1
2020-12-09,cl1s,1,0.5699792276322394,1
2020-12-11,cl1s,1,0.6168588542913495,1
2021-01-04,cl1s,1,0.35257931681335736,1
2021-01-05,cl1s,1,0.4923778580562075,1
2021-01-06,cl1s,1,0.5304546383681409,1
2021-01-07,cl1s,1,0.6143197378784238,1
2021-01-08,cl1s,1,0.6469592133870701,1
2021-01-11,cl1s,1,0.7016990481111121,1
2021-01-15,cl1s,1,0.648789792516449,1
2021-01-19,cl1s,1,0.6193473744216392,1
2021-01-20,cl1s,1,0.6334968441781356,1
2021-01-21,cl1s,1,0.6037619156050794,1
2021-02-04,cl1s,0,0.5724692396020105,1
2021-02-05,cl1s,0,0.575762833480692,1
2021-02-08,cl1s,0,0.6488224774436503,1
2021-02-09,cl1s,0,0.6634976439953661,1
2021-02-10,cl1s,0,0.6521454605789941,1
2021-02-11,cl1s,0,0.6486915833791722,1
2021-02-12,cl1s,0,0.6892953908943962,1
2021-02-16,cl1s,0,0.694489368980702,1
2021-02-17,cl1s,0,0.7127116256437386,1
2021-02-18,cl1s,0,0.6785207257754672,1
2021-02-19,cl1s,0,0.6175919372915021,1
2021-02-22,cl1s,0,0.7076689343494674,1
2021-02-23,cl1s,0,0.6770925464814918,1
2021-02-24,cl1s,0,0.6942063547639005,1
2021-02-25,cl1s,0,0.7298374541180929,1
2021-03-05,cl1s,1,0.6574467788122778,1
2021-03-08,cl1s,1,0.6562807160495622,1
2021-04-15,cl1s,1,0.673149085821938,1
2021-04-16,cl1s,1,0.6440967198486514,1
2021-04-19,cl1s,1,0.6633756667495093,1
2021-04-20,cl1s,1,0.6436133952989086,1
2021-04-21,cl1s,1,0.5139177069761677,1
2021-04-22,cl1s,1,0.4939068942336355,1
2021-04-23,cl1s,1,0.5142337069303676,1
2021-04-26,cl1s,1,0.48846128131072125,1
2021-04-27,cl1s,1,0.5607460842148242,1
2021-04-28,cl1s,1,0.5780010791794823,1
2021-04-29,cl1s,0,0.7616355416275256,1
2021-04-30,cl1s,1,0.721394466023639,1
2021-05-03,cl1s,1,0.7706786591399838,1
2021-05-04,cl1s,0,0.8420406268495463,1
2021-05-05,cl1s,0,0.8177772515466594,1
2021-05-12,cl1s,1,0.6109614002942664,1
2021-05-14,cl1s,1,0.40380914839733806,1
2021-05-17,cl1s,1,0.4893201136959225,1
2021-05-19,cl1s,1,0.3423777284249442,1
2021-05-20,cl1s,1,0.36545501985549206,1
2021-05-21,cl1s,1,0.31325427117759924,1
2021-05-24,cl1s,1,0.4367294960373473,1
2021-05-25,cl1s,1,0.42827714604902356,1
2021-05-26,cl1s,1,0.4267895046249487,1
2021-05-27,cl1s,1,0.514168102962159,1
2020-01-30,cl1s,1,0.47889999775893366,2
2020-01-31,cl1s,0,0.47167596010507473,2
2020-02-05,cl1s,1,0.48372944720154476,2
2020-02-06,cl1s,1,0.4708185451060651,2
2020-02-07,cl1s,1,0.4460677289582979,2
2020-02-10,cl1s,1,0.42065256670913403,2
2020-02-11,cl1s,0,0.4303523981854421,2
2020-02-12,cl1s,0,0.48439347323621795,2
2020-02-13,cl1s,0,0.493203798961339,2
2020-02-14,cl1s,0,0.5865168399865738,2
2020-02-18,cl1s,0,0.5723646094219788,2
2020-02-19,cl1s,0,0.611198325207146,2
2020-02-20,cl1s,0,0.5614964837957961,2
2020-02-21,cl1s,0,0.5931121018227723,2
2020-02-24,cl1s,0,0.5580813818898501,2
2020-02-25,cl1s,0,0.5627882684570737,2
2020-02-26,cl1s,0,0.5603419664319031,2
2020-02-27,cl1s,0,0.5707441013088131,2
2020-02-28,cl1s,0,0.6096813932850278,2
2020-03-18,cl1s,1,0.7234202111521196,2
2020-03-20,cl1s,1,0.6862282825661576,2
2020-03-23,cl1s,0,0.6842021225698218,2
2020-03-24,cl1s,0,0.6774259723331224,2
2020-03-26,cl1s,1,0.6539573602929906,2
2020-03-27,cl1s,1,0.6684324398695736,2
2020-03-30,cl1s,1,0.7067618598154811,2
2020-04-21,cl1s,1,0.6815015982520488,2
2020-04-22,cl1s,1,0.6558557302122249,2
2020-04-23,cl1s,1,0.6457319294666117,2
2020-04-24,cl1s,1,0.6278833823109249,2
2020-04-27,cl1s,1,0.6226302907085303,2
2020-04-28,cl1s,1,0.6251781160384103,2
2020-04-29,cl1s,1,0.6443140212575831,2
2020-04-30,cl1s,1,0.6702028266281461,2
2020-05-01,cl1s,1,0.6678058517934637,2
2020-05-04,cl1s,1,0.6870361931523107,2
2020-05-05,cl1s,1,0.6988872505460034,2
2020-05-06,cl1s,1,0.6849858115364746,2
2020-05-07,cl1s,1,0.6715728675364354,2
2020-05-08,cl1s,1,0.680537284265181,2
2020-05-11,cl1s,1,0.6656740448314201,2
2020-05-12,cl1s,1,0.6590969080574353,2
2020-05-13,cl1s,1,0.6667484506603973,2
2020-05-14,cl1s,1,0.7283203286778773,2
2020-05-19,cl1s,1,0.7257873778413338,2
2020-05-27,cl1s,1,0.7116583605553662,2
2020-05-28,cl1s,1,0.6997016013131225,2
2020-06-04,cl1s,1,0.5925719379020917,2
2020-06-05,cl1s,1,0.6460248886003717,2
2020-06-08,cl1s,1,0.6503832040661166,2
2020-06-09,cl1s,1,0.6526503845677438,2
2020-06-10,cl1s,0,0.624100939089114,2
2020-06-11,cl1s,1,0.6043666878561622,2
2020-06-12,cl1s,1,0.573690702433446,2
2020-06-17,cl1s,1,0.6470449102006576,2
2020-06-18,cl1s,1,0.6477149519055614,2
2020-06-19,cl1s,1,0.6437585477530336,2
2020-06-22,cl1s,0,0.6183233120632281,2
2020-06-23,cl1s,1,0.6355649048773251,2
2020-06-24,cl1s,1,0.6166561090945601,2
2020-06-25,cl1s,1,0.6367591139464074,2
2020-06-26,cl1s,1,0.567339674282393,2
2020-06-29,cl1s,1,0.6455756290347509,2
2020-06-30,cl1s,1,0.5843541002624089,2
2020-07-01,cl1s,1,0.6026286998027162,2
2020-07-02,cl1s,0,0.6162758981163993,2
2020-07-06,cl1s,1,0.5776384063528877,2
2021-05-28,cl1s,1,0.5266438840450088,2
2021-06-01,cl1s,1,0.5219425004554987,2
2021-06-02,cl1s,1,0.52659135046107,2
2021-06-03,cl1s,1,0.5596142552336594,2
2021-06-04,cl1s,1,0.6063771454898215,2
2021-06-07,cl1s,1,0.5618953243130793,2
2021-06-08,cl1s,1,0.5165746396977949,2
2021-06-09,cl1s,1,0.5307466466272304,2
2021-06-10,cl1s,1,0.5946920000219178,2
2021-06-15,cl1s,1,0.570235950474461,2
2021-06-16,cl1s,1,0.5495282442176536,2
2021-06-17,cl1s,1,0.4598670408709637,2
2021-06-18,cl1s,1,0.4225722425736267,2
2021-06-21,cl1s,1,0.4273605561639252,2
2021-06-22,cl1s,0,0.3760889457523714,2
2021-06-24,cl1s,1,0.322529754609098,2
2021-06-25,cl1s,1,0.3538224554957848,2
2021-06-28,cl1s,1,0.41180865014224755,2
2021-06-29,cl1s,1,0.3440587144840389,2
2021-06-30,cl1s,0,0.3543589364034832,2
2021-07-01,cl1s,0,0.3233794803194639,2
2021-07-02,cl1s,0,0.3183696149788104,2
2021-07-06,cl1s,0,0.20711438771236715,2
2021-07-07,cl1s,0,0.20406874554373003,2
2021-07-08,cl1s,0,0.23169023674158878,2
2021-07-09,cl1s,0,0.3057240941276382,2
2021-07-12,cl1s,0,0.29324295225932206,2
2021-07-13,cl1s,0,0.3275411174717451,2
2021-07-14,cl1s,0,0.22429647566094982,2
2021-07-15,cl1s,0,0.24374967369831813,2
2021-07-16,cl1s,0,0.2815511506751425,2
2021-07-19,cl1s,1,0.42180259244336954,2
2021-07-20,cl1s,1,0.4589713549758743,2
2021-07-21,cl1s,0,0.4185803957220091,2
2021-07-22,cl1s,0,0.49917658788848407,2
2021-07-23,cl1s,0,0.4686417302621367,2
2021-07-26,cl1s,0,0.49822054027518164,2
2021-07-27,cl1s,0,0.547835415532179,2
2021-07-28,cl1s,0,0.598912651255473,2
2021-07-29,cl1s,0,0.6544965097730653,2
2021-07-30,cl1s,0,0.6940966409314399,2
2021-08-02,cl1s,0,0.6610896946763822,2
2021-08-03,cl1s,0,0.5862247023659263,2
2021-08-04,cl1s,0,0.554714808166592,2
2021-08-05,cl1s,0,0.5599755157555176,2
2021-08-06,cl1s,0,0.5330542992475175,2
2021-08-09,cl1s,0,0.5179079715532697,2
2021-08-10,cl1s,0,0.47759768571733247,2
2021-08-11,cl1s,0,0.5016852599871021,2
2021-08-12,cl1s,0,0.4976060599833214,2
2021-08-13,cl1s,1,0.5651892267492867,2
2021-08-16,cl1s,1,0.5275044060641577,2
2021-08-17,cl1s,1,0.5912362304114828,2
2021-08-18,cl1s,1,0.6215841684993013,2
2021-08-19,cl1s,1,0.644501981084784,2
2021-08-20,cl1s,1,0.5989811820856855,2
2021-08-23,cl1s,1,0.6337222273311877,2
2021-08-24,cl1s,1,0.6567363803546851,2
2021-08-25,cl1s,0,0.6533647318478302,2
2021-08-26,cl1s,1,0.6743018733813239,2
2021-08-27,cl1s,1,0.6891064147428297,2
2021-08-30,cl1s,1,0.7188795995123165,2
2021-08-31,cl1s,1,0.6933771250884787,2
2021-09-01,cl1s,1,0.689944250228077,2
2021-09-02,cl1s,1,0.7169721830128889,2
2021-09-03,cl1s,1,0.6447016066618271,2
2021-09-07,cl1s,1,0.4720924286334757,2
2020-01-30,cl1s,1,0.5486530852994835,3
2020-01-31,cl1s,0,0.5333631732465525,3
2020-02-05,cl1s,1,0.5414641313793421,3
2020-02-06,cl1s,1,0.5046374750996842,3
2020-02-07,cl1s,1,0.4723454497472819,3
2020-02-10,cl1s,1,0.4518627286422661,3
2020-02-11,cl1s,0,0.44527985573770207,3
2020-02-12,cl1s,0,0.49638635041598994,3
2020-02-13,cl1s,0,0.5048287279149271,3
2020-02-14,cl1s,0,0.5662098394959215,3
2020-02-18,cl1s,0,0.5673851423398067,3
2020-02-19,cl1s,0,0.6161748920244324,3
2020-02-20,cl1s,0,0.582890230785477,3
2020-02-21,cl1s,0,0.5828495588126413,3
2020-02-24,cl1s,0,0.583616164336343,3
2020-02-25,cl1s,0,0.5855215041947904,3
2020-02-26,cl1s,0,0.5869019875842953,3
2020-02-27,cl1s,0,0.5905031610982009,3
2020-02-28,cl1s,0,0.602705359094972,3
2020-03-18,cl1s,1,0.6293323050821302,3
2020-03-20,cl1s,1,0.6340493922493986,3
2020-03-23,cl1s,0,0.6319309144448132,3
2020-03-24,cl1s,0,0.6332437990919063,3
2020-03-26,cl1s,1,0.643376129119969,3
2020-03-27,cl1s,1,0.6549314514041261,3
2020-03-30,cl1s,1,0.6515868964237476,3
2020-04-21,cl1s,1,0.6032598947115886,3
2020-04-22,cl1s,1,0.606413575388443,3
2020-04-23,cl1s,1,0.5659896660894091,3
2020-04-24,cl1s,1,0.6174359796569207,3
2020-04-27,cl1s,1,0.598733646121977,3
2020-04-28,cl1s,1,0.6222501008427798,3
2020-04-29,cl1s,1,0.5906216852239732,3
2020-04-30,cl1s,1,0.6135963174231203,3
2020-05-01,cl1s,1,0.6246412441802699,3
2020-05-04,cl1s,1,0.6279912360192446,3
2020-05-05,cl1s,1,0.6390799536432672,3
2020-05-06,cl1s,1,0.6221003379354547,3
2020-05-07,cl1s,1,0.6137100677628176,3
2020-05-08,cl1s,1,0.5989916702206411,3
2020-05-11,cl1s,1,0.5958157297222296,3
2020-05-12,cl1s,1,0.6077721365163975,3
2020-05-13,cl1s,1,0.6028400774738288,3
2020-05-14,cl1s,1,0.6730210992849256,3
2020-05-19,cl1s,1,0.7102718971309657,3
2020-05-27,cl1s,1,0.7086288395470243,3
2020-05-28,cl1s,1,0.7046823661800133,3
2020-06-04,cl1s,1,0.6152846911750633,3
2020-06-05,cl1s,1,0.6493208712959324,3
2020-06-08,cl1s,1,0.6567512818407383,3
2020-06-09,cl1s,1,0.650959853968354,3
2020-06-10,cl1s,0,0.6527927637098819,3
2020-06-11,cl1s,1,0.6093457774010131,3
2020-06-12,cl1s,1,0.6178874188696022,3
2020-06-17,cl1s,1,0.632180293588182,3
2020-06-18,cl1s,1,0.6264632389173564,3
2020-06-19,cl1s,1,0.6156273613198047,3
2020-06-22,cl1s,0,0.6179941842617108,3
2020-06-23,cl1s,1,0.6347142171280429,3
2020-06-24,cl1s,1,0.5828708126647898,3
2020-06-25,cl1s,1,0.6087454783355248,3
2020-06-26,cl1s,1,0.5470414204452312,3
2020-06-29,cl1s,1,0.5966095658775211,3
2020-06-30,cl1s,1,0.523087036175007,3
2020-07-01,cl1s,1,0.5490608331741721,3
2020-07-02,cl1s,0,0.5514708255819333,3
2020-07-06,cl1s,1,0.5439417752621687,3
2021-09-08,cl1s,1,0.3950773005843272,3
2021-09-09,cl1s,1,0.4003384530129784,3
2021-09-10,cl1s,1,0.4705272530314369,3
2021-09-13,cl1s,1,0.5052876555994003,3
2021-09-14,cl1s,1,0.5043720320341165,3
2021-09-15,cl1s,1,0.5266268500063942,3
2021-09-16,cl1s,1,0.5775246471645916,3
2021-09-17,cl1s,1,0.5778233807611912,3
2021-09-20,cl1s,1,0.5303720314009133,3
2021-09-21,cl1s,1,0.5043228200659187,3
2021-09-22,cl1s,1,0.5039846654730367,3
2021-09-23,cl1s,1,0.5115247251722597,3
2021-09-24,cl1s,1,0.5119886727992525,3
2021-09-27,cl1s,1,0.49914984957287195,3
2021-09-28,cl1s,1,0.5250188256664459,3
2021-09-29,cl1s,1,0.5219436809112838,3
2021-09-30,cl1s,1,0.5022760783863944,3
2021-10-01,cl1s,1,0.5116853334284238,3
2021-10-04,cl1s,1,0.4981417265132362,3
2021-11-03,cl1s,0,0.35799674143856647,3
2021-11-05,cl1s,0,0.40193187922677304,3
2021-11-08,cl1s,0,0.4144636452729122,3
2021-11-09,cl1s,0,0.5254394506314848,3
2021-11-10,cl1s,0,0.45557992900940897,3
2021-11-11,cl1s,0,0.40819976557161214,3
2021-11-12,cl1s,0,0.41100564347422514,3
2021-11-15,cl1s,0,0.3935686657790499,3
2021-11-16,cl1s,0,0.364458555479325,3
2021-11-17,cl1s,0,0.44659252709133673,3
2021-11-18,cl1s,0,0.48477606922566346,3
2021-11-19,cl1s,0,0.48152371480862866,3
2021-11-22,cl1s,0,0.5192829831949088,3
2021-11-23,cl1s,0,0.5285576379676782,3
2021-11-24,cl1s,0,0.5215826879937584,3
2021-11-26,cl1s,1,0.6492760081277418,3
2021-11-29,cl1s,1,0.6518146898453826,3
2021-11-30,cl1s,1,0.6592883689472874,3
2021-12-01,cl1s,1,0.6548279134994668,3
2021-12-02,cl1s,1,0.6969455060765921,3
2021-12-03,cl1s,1,0.6750576391954187,3
2021-12-06,cl1s,0,0.6563767610364771,3
2021-12-07,cl1s,0,0.6303610377277407,3
2021-12-08,cl1s,1,0.5467338035174941,3
2021-12-09,cl1s,1,0.5942917604822133,3
2021-12-10,cl1s,1,0.5391992655512846,3
2021-12-13,cl1s,1,0.5186836119380991,3
2021-12-14,cl1s,1,0.5906644714310835,3
2021-12-15,cl1s,1,0.553241424910222,3
2021-12-16,cl1s,1,0.5945570510087276,3
2021-12-17,cl1s,1,0.6088829154238838,3
2021-12-20,cl1s,1,0.6419299604921153,3
2021-12-21,cl1s,1,0.5988233860634716,3
2021-12-22,cl1s,1,0.5664763034421919,3
2021-12-23,cl1s,1,0.5992628941357748,3
2021-12-27,cl1s,1,0.6511355398710217,3
2021-12-28,cl1s,1,0.6366630593354143,3
2021-12-29,cl1s,1,0.6342427596335566,3
2021-12-30,cl1s,1,0.6351806928971723,3
2021-12-31,cl1s,1,0.6542775040866625,3
2022-01-03,cl1s,1,0.66616529461364,3
2022-01-04,cl1s,1,0.6563835456566555,3
2022-01-05,cl1s,1,0.6173560529324266,3
2022-01-06,cl1s,1,0.6298150314163792,3
2022-01-07,cl1s,1,0.6263283262325254,3
2022-01-10,cl1s,1,0.6125536689465395,3
2022-01-11,cl1s,1,0.6604865686412085,3
2022-01-12,cl1s,1,0.5965369631554343,3
2020-01-30,cl1s,1,0.45451721293030706,4
2020-01-31,cl1s,0,0.45948836244108615,4
2020-02-05,cl1s,1,0.49874916503156175,4
2020-02-06,cl1s,1,0.4721865492621497,4
2020-02-07,cl1s,1,0.4382224139870677,4
2020-02-10,cl1s,1,0.43454617732124423,4
2020-02-11,cl1s,0,0.43558423540391916,4
2020-02-12,cl1s,0,0.48210494511714436,4
2020-02-13,cl1s,0,0.5057623633171261,4
2020-02-14,cl1s,0,0.5580381462965516,4
2020-02-18,cl1s,0,0.5257875736614683,4
2020-02-19,cl1s,0,0.5322187074900445,4
2020-02-20,cl1s,0,0.5216019738798006,4
2020-02-21,cl1s,0,0.48189640082068014,4
2020-02-24,cl1s,0,0.46107914665815364,4
2020-02-25,cl1s,0,0.447844606790872,4
2020-02-26,cl1s,0,0.44763993030756655,4
2020-02-27,cl1s,0,0.44686315144495115,4
2020-02-28,cl1s,0,0.4852498457043612,4
2020-03-18,cl1s,1,0.5716309736916002,4
2020-03-20,cl1s,1,0.5697191911765848,4
2020-03-23,cl1s,0,0.5682342010660454,4
2020-03-24,cl1s,0,0.570699632229145,4
2020-03-26,cl1s,1,0.614693450436281,4
2020-03-27,cl1s,1,0.6350102019611037,4
2020-03-30,cl1s,1,0.6362371017666331,4
2020-04-21,cl1s,1,0.6418061345112103,4
2020-04-22,cl1s,1,0.6595546849098274,4
2020-04-23,cl1s,1,0.6347701251424254,4
2020-04-24,cl1s,1,0.6584808396454572,4
2020-04-27,cl1s,1,0.6501730268535623,4
2020-04-28,cl1s,1,0.6667939065569274,4
2020-04-29,cl1s,1,0.6660281414635598,4
2020-04-30,cl1s,1,0.6629126340666566,4
2020-05-01,cl1s,1,0.6720480384254821,4
2020-05-04,cl1s,1,0.6797496261735511,4
2020-05-05,cl1s,1,0.6780825677054888,4
2020-05-06,cl1s,1,0.6762103670978548,4
2020-05-07,cl1s,1,0.6885001338558954,4
2020-05-08,cl1s,1,0.6597588152716118,4
2020-05-11,cl1s,1,0.6681145443983215,4
2020-05-12,cl1s,1,0.6684526722292782,4
2020-05-13,cl1s,1,0.6714571943510279,4
2020-05-14,cl1s,1,0.675644397091998,4
2020-05-19,cl1s,1,0.6821843780437186,4
2020-05-27,cl1s,1,0.670231979043981,4
2020-05-28,cl1s,1,0.673756288426818,4
2020-06-04,cl1s,1,0.6684015107277187,4
2020-06-05,cl1s,1,0.674517428205023,4
2020-06-08,cl1s,1,0.65171345550983,4
2020-06-09,cl1s,1,0.6607234347606399,4
2020-06-10,cl1s,0,0.645671259813195,4
2020-06-11,cl1s,1,0.642452520758543,4
2020-06-12,cl1s,1,0.6443892022556911,4
2020-06-17,cl1s,1,0.6366171028234023,4
2020-06-18,cl1s,1,0.6283185938353718,4
2020-06-19,cl1s,1,0.6011727841154946,4
2020-06-22,cl1s,0,0.6480432145520253,4
2020-06-23,cl1s,1,0.6545127393131142,4
2020-06-24,cl1s,1,0.6177967708187213,4
2020-06-25,cl1s,1,0.6254765896275262,4
2020-06-26,cl1s,1,0.6301058062078234,4
2020-06-29,cl1s,1,0.6050953183488128,4
2020-06-30,cl1s,1,0.6044921469637741,4
2020-07-01,cl1s,1,0.6143692122879209,4
2020-07-02,cl1s,0,0.6196787043996469,4
2020-07-06,cl1s,1,0.5957017389473027,4
2022-01-13,cl1s,1,0.7218525493692046,4
2022-01-14,cl1s,1,0.6992247189437645,4
2022-01-18,cl1s,1,0.639218132056492,4
2022-01-19,cl1s,1,0.657781709050153,4
2022-01-20,cl1s,1,0.6475665269683225,4
2022-01-21,cl1s,1,0.6261895288280802,4
2022-01-24,cl1s,1,0.6038360805028306,4
2022-01-25,cl1s,1,0.6115523916354829,4
2022-01-26,cl1s,1,0.6050281003700619,4
2022-01-27,cl1s,1,0.6076076420416946,4
2022-01-28,cl1s,1,0.5981207650252187,4
2022-01-31,cl1s,1,0.5572983460129689,4
2022-02-01,cl1s,1,0.5447860604112074,4
2022-02-02,cl1s,1,0.5263300189538976,4
2022-02-10,cl1s,1,0.5118123336843742,4
2022-02-15,cl1s,1,0.5817664906954944,4
2022-02-16,cl1s,1,0.5765062975239498,4
2022-02-17,cl1s,1,0.577680273968422,4
2022-02-18,cl1s,1,0.5485337990567072,4
2022-02-22,cl1s,1,0.5407490820645833,4
2022-02-23,cl1s,1,0.4610342676953682,4
2022-02-24,cl1s,1,0.47670981418720754,4
2022-02-25,cl1s,1,0.44208163952716245,4
2022-02-28,cl1s,1,0.4862465301886192,4
2022-03-03,cl1s,1,0.570533284260204,4
2022-03-14,cl1s,0,0.5857151735594015,4
2022-03-18,cl1s,0,0.5904449401959996,4
2022-03-21,cl1s,1,0.5730282167408534,4
2022-03-22,cl1s,1,0.5551471889472044,4
2022-03-23,cl1s,1,0.555860159436368,4
2022-03-24,cl1s,1,0.5598905620869999,4
2022-03-25,cl1s,1,0.5607502383913961,4
2022-03-28,cl1s,1,0.5190444555800304,4
2022-04-13,cl1s,0,0.5339681622673589,4
2022-04-14,cl1s,1,0.5462752237620201,4
2022-04-27,cl1s,1,0.5943356660513763,4
2022-04-28,cl1s,1,0.5994957007801914,4
2022-04-29,cl1s,1,0.6085487333064231,4
2022-05-02,cl1s,1,0.5795772651000418,4
2022-05-03,cl1s,1,0.5798858343744813,4
2022-05-04,cl1s,1,0.6283002000148153,4
2022-05-05,cl1s,1,0.6563221825018146,4
2022-05-06,cl1s,1,0.6593836750703033,4
2022-05-09,cl1s,1,0.6401969295866519,4
2022-05-10,cl1s,1,0.5648845425497614,4
2022-05-11,cl1s,1,0.638622030815648,4
2022-05-12,cl1s,1,0.610876358975869,4
2022-05-13,cl1s,1,0.6644436968680634,4
2022-05-16,cl1s,1,0.6836558997205399,4
2022-05-17,cl1s,1,0.6990672081094638,4
2022-05-18,cl1s,1,0.6587225234295424,4
2022-05-19,cl1s,1,0.7072594591686177,4
2022-05-20,cl1s,1,0.6940387048029257,4
2022-05-23,cl1s,1,0.6891106409365909,4
2022-05-24,cl1s,1,0.6823947814388023,4
2022-05-25,cl1s,1,0.6798451917171234,4
2022-05-26,cl1s,1,0.6742350433094051,4
2022-05-27,cl1s,1,0.6558835004084917,4
2022-05-31,cl1s,1,0.6401244339406704,4
2022-06-01,cl1s,1,0.6478635843917965,4
2022-06-02,cl1s,1,0.6361554410917462,4
2022-06-03,cl1s,0,0.6705340202803833,4
2022-06-06,cl1s,0,0.6707239747933474,4
2022-06-07,cl1s,0,0.6354274679289904,4
2022-06-08,cl1s,0,0.6235813853844823,4
2022-06-09,cl1s,0,0.6091953753776036,4
2022-06-10,cl1s,0,0.5978316489445992,4
2022-06-13,cl1s,0,0.5570568006955794,4
2022-06-14,cl1s,0,0.531246713629728,4
2022-06-15,cl1s,0,0.5333844306604029,4
2020-07-07,cl1s,1,0.649021082660621,5
2020-07-08,cl1s,1,0.6378840181853652,5
2020-07-09,cl1s,1,0.6262772951612111,5
2020-07-10,cl1s,1,0.6494969153560226,5
2020-07-13,cl1s,1,0.6278870698417057,5
2020-07-14,cl1s,1,0.607625652810648,5
2020-07-15,cl1s,0,0.6037328193083361,5
2020-07-16,cl1s,0,0.5308093361070363,5
2020-07-17,cl1s,0,0.5175842392064692,5
2020-07-20,cl1s,1,0.5191921182352516,5
2020-07-21,cl1s,0,0.5501371227505316,5
2020-07-22,cl1s,1,0.5422195079646511,5
2020-07-23,cl1s,1,0.5054562583675704,5
2020-07-24,cl1s,0,0.5471857817441962,5
2020-07-27,cl1s,1,0.5423063669743788,5
2020-07-28,cl1s,1,0.5165678338694761,5
2020-07-29,cl1s,1,0.49576392368656996,5
2020-07-30,cl1s,1,0.4135838816720877,5
2020-07-31,cl1s,1,0.43174743718291464,5
2020-08-03,cl1s,1,0.46734686415683396,5
2020-08-04,cl1s,1,0.5598698858999848,5
2020-08-21,cl1s,0,0.5319401524072432,5
2020-08-24,cl1s,0,0.5384519554715467,5
2020-08-25,cl1s,0,0.6060175281717904,5
2020-08-26,cl1s,0,0.5946885696826021,5
2020-09-01,cl1s,0,0.4988707622862853,5
2020-09-02,cl1s,0,0.5320693884537733,5
2020-09-16,cl1s,0,0.498898681764925,5
2020-09-21,cl1s,0,0.6103216211700212,5
2020-09-22,cl1s,1,0.5959799829865157,5
2020-09-23,cl1s,1,0.5790052471629078,5
2020-09-24,cl1s,1,0.5684817389894969,5
2020-09-25,cl1s,1,0.5666612141830626,5
2020-09-28,cl1s,0,0.655013269225042,5
2020-09-29,cl1s,1,0.5769451923655414,5
2020-09-30,cl1s,1,0.6729573363289352,5
2020-10-01,cl1s,1,0.6262204709101998,5
2020-10-02,cl1s,1,0.5786957236663708,5
2020-10-05,cl1s,1,0.6082107721028219,5
2020-10-07,cl1s,0,0.6882831781099272,5
2020-10-08,cl1s,0,0.8046099917759335,5
2020-10-09,cl1s,0,0.7718766906028718,5
2020-10-12,cl1s,0,0.48291000633355574,5
2020-10-13,cl1s,0,0.6785126859551,5
2020-10-14,cl1s,0,0.7007969039867777,5
2020-10-15,cl1s,0,0.7876344490730137,5
2020-10-16,cl1s,0,0.7751932205378848,5
2020-10-19,cl1s,0,0.8081167805385299,5
2020-10-20,cl1s,0,0.8039841161189991,5
2020-10-21,cl1s,0,0.5950845082066598,5
2020-10-22,cl1s,0,0.6499760002529785,5
2020-10-23,cl1s,0,0.535330775797333,5
2020-10-26,cl1s,1,0.43829463027872406,5
2020-10-27,cl1s,0,0.514799176734338,5
2020-10-28,cl1s,1,0.45280078211354446,5
2020-10-29,cl1s,1,0.4914707473499043,5
2020-10-30,cl1s,1,0.49034621204068346,5
2020-11-02,cl1s,1,0.5427514087859407,5
2020-11-03,cl1s,1,0.5098915920564587,5
2020-11-04,cl1s,1,0.6315792897699436,5
2020-11-05,cl1s,1,0.5779125496133507,5
2020-11-06,cl1s,1,0.47654241025239247,5
2020-11-09,cl1s,1,0.7488939842941431,5
2020-11-10,cl1s,1,0.74667414436718,5
2020-11-11,cl1s,1,0.7256968250454909,5
2020-11-12,cl1s,1,0.7148215401972844,5
2020-11-13,cl1s,1,0.7322662717630194,5
2020-11-16,cl1s,1,0.716445663623956,5
2020-11-17,cl1s,1,0.7661457275900015,5
2020-11-18,cl1s,1,0.7505080418857779,5
2020-11-19,cl1s,1,0.7685612490189475,5
2020-11-20,cl1s,1,0.7550891953953109,5
2020-11-23,cl1s,1,0.7460984686143384,5
2020-11-24,cl1s,1,0.7286220782469355,5
2020-12-01,cl1s,1,0.7426056470638264,5
2020-12-02,cl1s,1,0.7153681078410434,5
2020-12-03,cl1s,1,0.6829230769682166,5
2020-12-04,cl1s,1,0.6778825277005821,5
2020-12-07,cl1s,1,0.6432820188031895,5
2020-12-08,cl1s,1,0.5943414866238835,5
2020-12-09,cl1s,1,0.5344042110717236,5
2020-12-11,cl1s,1,0.590859988918605,5
2021-01-04,cl1s,1,0.3828158883167062,5
2021-01-05,cl1s,1,0.6309417269932537,5
2021-01-06,cl1s,1,0.6525806515695777,5
2021-01-07,cl1s,1,0.6980321244449232,5
2021-01-08,cl1s,1,0.7142953148337411,5
2021-01-11,cl1s,1,0.7608292234616693,5
2021-01-15,cl1s,1,0.7871619951743031,5
2021-01-19,cl1s,1,0.7260155103144251,5
2021-01-20,cl1s,1,0.728803387040631,5
2021-01-21,cl1s,1,0.5902476158264506,5
2021-02-04,cl1s,0,0.6227431362296084,5
2021-02-05,cl1s,0,0.5636429779004146,5
2021-02-08,cl1s,0,0.561562321894353,5
2021-02-09,cl1s,0,0.5795831555659618,5
2021-02-10,cl1s,0,0.5459041192159201,5
2021-02-11,cl1s,0,0.542646116669371,5
2021-02-12,cl1s,0,0.6180492088195485,5
2021-02-16,cl1s,0,0.5703425003325013,5
2021-02-17,cl1s,0,0.6174991534626536,5
2021-02-18,cl1s,0,0.5840865527961164,5
2021-02-19,cl1s,0,0.5678067435980044,5
2021-02-22,cl1s,0,0.6461597360520018,5
2021-02-23,cl1s,0,0.6169846220448099,5
2021-02-24,cl1s,0,0.6102903306005536,5
2021-02-25,cl1s,0,0.6143912404365052,5
2021-03-05,cl1s,1,0.5742321040843884,5
2021-03-08,cl1s,1,0.5868824544521941,5
2021-04-15,cl1s,1,0.7574257365549294,5
2021-04-16,cl1s,1,0.7517650224984029,5
2021-04-19,cl1s,1,0.7434304918337648,5
2021-04-20,cl1s,1,0.7635136868437162,5
2021-04-21,cl1s,1,0.6689237408047561,5
2021-04-22,cl1s,1,0.6858365392560645,5
2021-04-23,cl1s,1,0.6924526204149524,5
2021-04-26,cl1s,1,0.6686427709348681,5
2021-04-27,cl1s,1,0.7191590515539271,5
2021-04-28,cl1s,1,0.7537383798749921,5
2021-04-29,cl1s,0,0.865463186260678,5
2021-04-30,cl1s,1,0.8146695819779347,5
2021-05-03,cl1s,1,0.8228211140656274,5
2021-05-04,cl1s,0,0.8643730753079711,5
2021-05-05,cl1s,0,0.7816111798855804,5
2021-05-12,cl1s,1,0.7331864809437532,5
2021-05-14,cl1s,1,0.6561815968694363,5
2021-05-17,cl1s,1,0.7253647403587525,5
2021-05-19,cl1s,1,0.5370382457211996,5
2021-05-20,cl1s,1,0.5563984205654965,5
2021-05-21,cl1s,1,0.5426545880336945,5
2021-05-24,cl1s,1,0.7650214071767466,5
2021-05-25,cl1s,1,0.7135097665905512,5
2021-05-26,cl1s,1,0.7234538961682301,5
2021-05-27,cl1s,1,0.7932815646314019,5
2020-07-07,cl1s,1,0.7770617828714573,6
2020-07-08,cl1s,1,0.7726071123920296,6
2020-07-09,cl1s,1,0.7743324836103721,6
2020-07-10,cl1s,1,0.7687512082068456,6
2020-07-13,cl1s,1,0.7627380682264259,6
2020-07-14,cl1s,1,0.7490864123836404,6
2020-07-15,cl1s,0,0.7459102551645668,6
2020-07-16,cl1s,0,0.7260308292345233,6
2020-07-17,cl1s,0,0.7262094281918998,6
2020-07-20,cl1s,1,0.7087673266564565,6
2020-07-21,cl1s,0,0.7035679617647521,6
2020-07-22,cl1s,1,0.6843684585132701,6
2020-07-23,cl1s,1,0.6944250453830244,6
2020-07-24,cl1s,0,0.7043558517440632,6
2020-07-27,cl1s,1,0.6797820642654907,6
2020-07-28,cl1s,1,0.6916153083534061,6
2020-07-29,cl1s,1,0.63926265455318,6
2020-07-30,cl1s,1,0.5319441370334449,6
2020-07-31,cl1s,1,0.547201138402556,6
2020-08-03,cl1s,1,0.649689740855591,6
2020-08-04,cl1s,1,0.7082521275016749,6
2020-08-21,cl1s,0,0.6422463602932794,6
2020-08-24,cl1s,0,0.6722526336009207,6
2020-08-25,cl1s,0,0.669802313112729,6
2020-08-26,cl1s,0,0.709653749320404,6
2020-09-01,cl1s,0,0.6295324315593787,6
2020-09-02,cl1s,0,0.5843860913765273,6
2020-09-16,cl1s,0,0.6449315091150367,6
2020-09-21,cl1s,0,0.6907397524083189,6
2020-09-22,cl1s,1,0.7019492150732829,6
2020-09-23,cl1s,1,0.6960040491298942,6
2020-09-24,cl1s,1,0.7118895500515389,6
2020-09-25,cl1s,1,0.6556867677067043,6
2020-09-28,cl1s,0,0.7366148655433057,6
2020-09-29,cl1s,1,0.6092701959370705,6
2020-09-30,cl1s,1,0.7261476910582378,6
2020-10-01,cl1s,1,0.6482008958006246,6
2020-10-02,cl1s,1,0.6002756303527176,6
2020-10-05,cl1s,1,0.6906298217678313,6
2020-10-07,cl1s,0,0.7214823705873021,6
2020-10-08,cl1s,0,0.735445665816883,6
2020-10-09,cl1s,0,0.6989934944826485,6
2020-10-12,cl1s,0,0.5674206547240765,6
2020-10-13,cl1s,0,0.6579743764894129,6
2020-10-14,cl1s,0,0.6715951560808447,6
2020-10-15,cl1s,0,0.7720534351099041,6
2020-10-16,cl1s,0,0.7845538879040379,6
2020-10-19,cl1s,0,0.7649502651688603,6
2020-10-20,cl1s,0,0.755347805910434,6
2020-10-21,cl1s,0,0.6223985223623475,6
2020-10-22,cl1s,0,0.6739052764673171,6
2020-10-23,cl1s,0,0.5845613527928667,6
2020-10-26,cl1s,1,0.49931620237663565,6
2020-10-27,cl1s,0,0.5592754249335641,6
2020-10-28,cl1s,1,0.45667122614615097,6
2020-10-29,cl1s,1,0.48039168295776485,6
2020-10-30,cl1s,1,0.4940960632170778,6
2020-11-02,cl1s,1,0.5943874731235371,6
2020-11-03,cl1s,1,0.5897564099950683,6
2020-11-04,cl1s,1,0.670740216760905,6
2020-11-05,cl1s,1,0.6548068368221495,6
2020-11-06,cl1s,1,0.5663623891420516,6
2020-11-09,cl1s,1,0.7537813859833594,6
2020-11-10,cl1s,1,0.7665906222896917,6
2020-11-11,cl1s,1,0.755588798632245,6
2020-11-12,cl1s,1,0.7573644801538192,6
2020-11-13,cl1s,1,0.7529987081131448,6
2021-05-28,cl1s,1,0.8211880139217956,6
2021-06-01,cl1s,1,0.8015141215502154,6
2021-06-02,cl1s,1,0.7948769116538958,6
2021-06-03,cl1s,1,0.7998467478487397,6
2021-06-04,cl1s,1,0.7545752214760121,6
2021-06-07,cl1s,1,0.7111234989577381,6
2021-06-08,cl1s,1,0.6608766086562604,6
2021-06-09,cl1s,1,0.6676166344215915,6
2021-06-10,cl1s,1,0.6683611099453987,6
2021-06-15,cl1s,1,0.6056858530015221,6
2021-06-16,cl1s,1,0.580918922789018,6
2021-06-17,cl1s,1,0.5634865714512911,6
2021-06-18,cl1s,1,0.4891868769592031,6
2021-06-21,cl1s,1,0.36952561957321495,6
2021-06-22,cl1s,0,0.3726389378804411,6
2021-06-24,cl1s,1,0.409005940858822,6
2021-06-25,cl1s,1,0.4261674023519548,6
2021-06-28,cl1s,1,0.5072243209277911,6
2021-06-29,cl1s,1,0.42847503504104556,6
2021-06-30,cl1s,0,0.41821025223074604,6
2021-07-01,cl1s,0,0.3586444383479674,6
2021-07-02,cl1s,0,0.3727287001312218,6
2021-07-06,cl1s,0,0.2970227757461326,6
2021-07-07,cl1s,0,0.1951434415118137,6
2021-07-08,cl1s,0,0.2935092076855952,6
2021-07-09,cl1s,0,0.3244318541087226,6
2021-07-12,cl1s,0,0.3121119286361059,6
2021-07-13,cl1s,0,0.32246995779137544,6
2021-07-14,cl1s,0,0.26322907704135884,6
2021-07-15,cl1s,0,0.28999009521280605,6
2021-07-16,cl1s,0,0.26674085207260223,6
2021-07-19,cl1s,1,0.40485615375419004,6
2021-07-20,cl1s,1,0.4360450570737723,6
2021-07-21,cl1s,0,0.4275975734821253,6
2021-07-22,cl1s,0,0.5302107959810934,6
2021-07-23,cl1s,0,0.5374677770411308,6
2021-07-26,cl1s,0,0.541484448310069,6
2021-07-27,cl1s,0,0.5641352478935173,6
2021-07-28,cl1s,0,0.5787610257343373,6
2021-07-29,cl1s,0,0.6825997787379653,6
2021-07-30,cl1s,0,0.7101464839712626,6
2021-08-02,cl1s,0,0.5659038022535272,6
2021-08-03,cl1s,0,0.4738068166141152,6
2021-08-04,cl1s,0,0.40276071464824,6
2021-08-05,cl1s,0,0.4495670045260731,6
2021-08-06,cl1s,0,0.4380922232849872,6
2021-08-09,cl1s,0,0.425174194966656,6
2021-08-10,cl1s,0,0.424849037680215,6
2021-08-11,cl1s,0,0.47611474382613217,6
2021-08-12,cl1s,0,0.5177124525917594,6
2021-08-13,cl1s,1,0.5880367381621007,6
2021-08-16,cl1s,1,0.5659066593439961,6
2021-08-17,cl1s,1,0.6081392766246989,6
2021-08-18,cl1s,1,0.5765684585617519,6
2021-08-19,cl1s,1,0.5918899072662208,6
2021-08-20,cl1s,1,0.5409621842502597,6
2021-08-23,cl1s,1,0.5301766789217708,6
2021-08-24,cl1s,1,0.5994554534034872,6
2021-08-25,cl1s,0,0.6122122365620932,6
2021-08-26,cl1s,1,0.5709325210307077,6
2021-08-27,cl1s,1,0.7476029535133916,6
2021-08-30,cl1s,1,0.7871213296012498,6
2021-08-31,cl1s,1,0.7619491386993312,6
2021-09-01,cl1s,1,0.7512767909777623,6
2021-09-02,cl1s,1,0.7817788183344586,6
2021-09-03,cl1s,1,0.726670827189173,6
2021-09-07,cl1s,1,0.6215204326155187,6
2020-07-07,cl1s,1,0.7932051789065215,7
2020-07-08,cl1s,1,0.7722496290531813,7
2020-07-09,cl1s,1,0.776717599347499,7
2020-07-10,cl1s,1,0.7498549830762471,7
2020-07-13,cl1s,1,0.7532533596560032,7
2020-07-14,cl1s,1,0.7300305247816357,7
2020-07-15,cl1s,0,0.7075514344836136,7
2020-07-16,cl1s,0,0.7183365433642197,7
2020-07-17,cl1s,0,0.6870780841645802,7
2020-07-20,cl1s,1,0.7002450696263726,7
2020-07-21,cl1s,0,0.6945506893916178,7
2020-07-22,cl1s,1,0.6946580588790899,7
2020-07-23,cl1s,1,0.6840254519744762,7
2020-07-24,cl1s,0,0.7022991226700906,7
2020-07-27,cl1s,1,0.6772159176946906,7
2020-07-28,cl1s,1,0.6637306890268984,7
2020-07-29,cl1s,1,0.6386793197084664,7
2020-07-30,cl1s,1,0.6424646859927108,7
2020-07-31,cl1s,1,0.661175367922851,7
2020-08-03,cl1s,1,0.704958334776281,7
2020-08-04,cl1s,1,0.7281746091885452,7
2020-08-21,cl1s,0,0.710815369995535,7
2020-08-24,cl1s,0,0.735904017474182,7
2020-08-25,cl1s,0,0.7275144763837352,7
2020-08-26,cl1s,0,0.7272309277401133,7
2020-09-01,cl1s,0,0.6591348049032388,7
2020-09-02,cl1s,0,0.6441209139328481,7
2020-09-16,cl1s,0,0.6021437323116475,7
2020-09-21,cl1s,0,0.6948406020050663,7
2020-09-22,cl1s,1,0.664093178258169,7
2020-09-23,cl1s,1,0.6619271719108739,7
2020-09-24,cl1s,1,0.6181240741849686,7
2020-09-25,cl1s,1,0.556883310802673,7
2020-09-28,cl1s,0,0.511656379099337,7
2020-09-29,cl1s,1,0.5797517148143789,7
2020-09-30,cl1s,1,0.604657777361183,7
2020-10-01,cl1s,1,0.6496387298564443,7
2020-10-02,cl1s,1,0.5824646083314726,7
2020-10-05,cl1s,1,0.6525882624115925,7
2020-10-07,cl1s,0,0.6865164404285224,7
2020-10-08,cl1s,0,0.6135111885349239,7
2020-10-09,cl1s,0,0.654642703187141,7
2020-10-12,cl1s,0,0.5505687171212027,7
2020-10-13,cl1s,0,0.6013463837506974,7
2020-10-14,cl1s,0,0.6058288528900948,7
2020-10-15,cl1s,0,0.715264634978679,7
2020-10-16,cl1s,0,0.6651518523063045,7
2020-10-19,cl1s,0,0.687859753778106,7
2020-10-20,cl1s,0,0.6665801579225669,7
2020-10-21,cl1s,0,0.6432854130291064,7
2020-10-22,cl1s,0,0.6248146882634702,7
2020-10-23,cl1s,0,0.6203648415730616,7
2020-10-26,cl1s,1,0.5408554834155532,7
2020-10-27,cl1s,0,0.6092668256771244,7
2020-10-28,cl1s,1,0.5103471158042203,7
2020-10-29,cl1s,1,0.5725172974164767,7
2020-10-30,cl1s,1,0.546795187012506,7
2020-11-02,cl1s,1,0.6226824123411451,7
2020-11-03,cl1s,1,0.6015729795517525,7
2020-11-04,cl1s,1,0.6614715529453603,7
2020-11-05,cl1s,1,0.6311575972226635,7
2020-11-06,cl1s,1,0.6257302550624635,7
2020-11-09,cl1s,1,0.7343897590732368,7
2020-11-10,cl1s,1,0.7485961182890258,7
2020-11-11,cl1s,1,0.7203726149576821,7
2020-11-12,cl1s,1,0.7339584357340413,7
2020-11-13,cl1s,1,0.7239370777984039,7
2021-09-08,cl1s,1,0.4670061414589453,7
2021-09-09,cl1s,1,0.4333816244535131,7
2021-09-10,cl1s,1,0.5979680299275201,7
2021-09-13,cl1s,1,0.6311532416087724,7
2021-09-14,cl1s,1,0.6028358009307196,7
2021-09-15,cl1s,1,0.6076138246535004,7
2021-09-16,cl1s,1,0.6519344545882313,7
2021-09-17,cl1s,1,0.6477822842926632,7
2021-09-20,cl1s,1,0.6184250401232599,7
2021-09-21,cl1s,1,0.620167716211412,7
2021-09-22,cl1s,1,0.6084490155830781,7
2021-09-23,cl1s,1,0.593621024306383,7
2021-09-24,cl1s,1,0.5895106053260533,7
2021-09-27,cl1s,1,0.5653415966187963,7
2021-09-28,cl1s,1,0.5266499717727715,7
2021-09-29,cl1s,1,0.551383450317055,7
2021-09-30,cl1s,1,0.5435006275535268,7
2021-10-01,cl1s,1,0.5567972740913026,7
2021-10-04,cl1s,1,0.5511836306926947,7
2021-11-03,cl1s,0,0.25545917963169745,7
2021-11-05,cl1s,0,0.25882548800565336,7
2021-11-08,cl1s,0,0.29227678657333667,7
2021-11-09,cl1s,0,0.36698829128882865,7
2021-11-10,cl1s,0,0.3369324423125489,7
2021-11-11,cl1s,0,0.3173255544871408,7
2021-11-12,cl1s,0,0.3005891915975639,7
2021-11-15,cl1s,0,0.27260176227767424,7
2021-11-16,cl1s,0,0.27313365660437017,7
2021-11-17,cl1s,0,0.3130262145823958,7
2021-11-18,cl1s,0,0.31575432411775767,7
2021-11-19,cl1s,0,0.3305806717001825,7
2021-11-22,cl1s,0,0.3831688441309624,7
2021-11-23,cl1s,0,0.3652569600476592,7
2021-11-24,cl1s,0,0.36223326538164646,7
2021-11-26,cl1s,1,0.6124611149027139,7
2021-11-29,cl1s,1,0.623090677160098,7
2021-11-30,cl1s,1,0.6431295105478492,7
2021-12-01,cl1s,1,0.6509056822369461,7
2021-12-02,cl1s,1,0.6592913672522278,7
2021-12-03,cl1s,1,0.6752069320529501,7
2021-12-06,cl1s,0,0.648861533436734,7
2021-12-07,cl1s,0,0.6013497513002184,7
2021-12-08,cl1s,1,0.5618062360358823,7
2021-12-09,cl1s,1,0.5935782661844413,7
2021-12-10,cl1s,1,0.5515758774250242,7
2021-12-13,cl1s,1,0.5659239024241027,7
2021-12-14,cl1s,1,0.5884446844440895,7
2021-12-15,cl1s,1,0.592336795739161,7
2021-12-16,cl1s,1,0.6582890392760815,7
2021-12-17,cl1s,1,0.6564148967394465,7
2021-12-20,cl1s,1,0.6426599708777997,7
2021-12-21,cl1s,1,0.6442164297697832,7
2021-12-22,cl1s,1,0.6402511966689384,7
2021-12-23,cl1s,1,0.675499306954288,7
2021-12-27,cl1s,1,0.6518826407280726,7
2021-12-28,cl1s,1,0.6821367328845875,7
2021-12-29,cl1s,1,0.6788804222435193,7
2021-12-30,cl1s,1,0.6883038351820955,7
2021-12-31,cl1s,1,0.726389853282921,7
2022-01-03,cl1s,1,0.7130977271775868,7
2022-01-04,cl1s,1,0.6879575667487792,7
2022-01-05,cl1s,1,0.6878125124973479,7
2022-01-06,cl1s,1,0.6722230943103971,7
2022-01-07,cl1s,1,0.7094835659042097,7
2022-01-10,cl1s,1,0.6957608181527407,7
2022-01-11,cl1s,1,0.7008840942466709,7
2022-01-12,cl1s,1,0.6698381552506502,7
2020-07-07,cl1s,1,0.818343208988655,8
2020-07-08,cl1s,1,0.7935159916570689,8
2020-07-09,cl1s,1,0.8149811075103877,8
2020-07-10,cl1s,1,0.8159891912639374,8
2020-07-13,cl1s,1,0.8053162880815095,8
2020-07-14,cl1s,1,0.7982257245916857,8
2020-07-15,cl1s,0,0.8086156721390938,8
2020-07-16,cl1s,0,0.7938102428413794,8
2020-07-17,cl1s,0,0.7794477524250335,8
2020-07-20,cl1s,1,0.7464128252185018,8
2020-07-21,cl1s,0,0.709581653384776,8
2020-07-22,cl1s,1,0.7271673549937901,8
2020-07-23,cl1s,1,0.7446132118877011,8
2020-07-24,cl1s,0,0.7565995301523522,8
2020-07-27,cl1s,1,0.7335373927885339,8
2020-07-28,cl1s,1,0.7478351883791415,8
2020-07-29,cl1s,1,0.704265964834197,8
2020-07-30,cl1s,1,0.6748005584327074,8
2020-07-31,cl1s,1,0.7086175101188147,8
2020-08-03,cl1s,1,0.7217794010337076,8
2020-08-04,cl1s,1,0.768487724319819,8
2020-08-21,cl1s,0,0.8268324583170945,8
2020-08-24,cl1s,0,0.8194864079756935,8
2020-08-25,cl1s,0,0.8326503109531505,8
2020-08-26,cl1s,0,0.8268792245928318,8
2020-09-01,cl1s,0,0.6931004827475982,8
2020-09-02,cl1s,0,0.7478387396237984,8
2020-09-16,cl1s,0,0.8020299198970035,8
2020-09-21,cl1s,0,0.8073755414327876,8
2020-09-22,cl1s,1,0.8223272825011603,8
2020-09-23,cl1s,1,0.7745925995635139,8
2020-09-24,cl1s,1,0.7772462116502022,8
2020-09-25,cl1s,1,0.782104982721521,8
2020-09-28,cl1s,0,0.7060969320366789,8
2020-09-29,cl1s,1,0.7628408777768744,8
2020-09-30,cl1s,1,0.8286485100050263,8
2020-10-01,cl1s,1,0.8254005832271204,8
2020-10-02,cl1s,1,0.7515165709478815,8
2020-10-05,cl1s,1,0.8136485780433248,8
2020-10-07,cl1s,0,0.7695892056860564,8
2020-10-08,cl1s,0,0.7548170125296602,8
2020-10-09,cl1s,0,0.7356857707037936,8
2020-10-12,cl1s,0,0.6591887483765199,8
2020-10-13,cl1s,0,0.6712033343168923,8
2020-10-14,cl1s,0,0.6796860743668589,8
2020-10-15,cl1s,0,0.751233879458217,8
2020-10-16,cl1s,0,0.7579659204057319,8
2020-10-19,cl1s,0,0.7634346889419518,8
2020-10-20,cl1s,0,0.7550055559649529,8
2020-10-21,cl1s,0,0.6842656330882019,8
2020-10-22,cl1s,0,0.678000350016824,8
2020-10-23,cl1s,0,0.6807507322953438,8
2020-10-26,cl1s,1,0.6122526123364866,8
2020-10-27,cl1s,0,0.6368972554799401,8
2020-10-28,cl1s,1,0.5516094047190098,8
2020-10-29,cl1s,1,0.6025276052603665,8
2020-10-30,cl1s,1,0.6208449458081966,8
2020-11-02,cl1s,1,0.6451723259953407,8
2020-11-03,cl1s,1,0.6364039389182053,8
2020-11-04,cl1s,1,0.7473189230146887,8
2020-11-05,cl1s,1,0.7781886866546875,8
2020-11-06,cl1s,1,0.7153503725448218,8
2020-11-09,cl1s,1,0.7603861658246284,8
2020-11-10,cl1s,1,0.7583727673679237,8
2020-11-11,cl1s,1,0.7715273396971438,8
2020-11-12,cl1s,1,0.7993161267738377,8
2020-11-13,cl1s,1,0.8034359993564866,8
2022-01-13,cl1s,1,0.8326204567598413,8
2022-01-14,cl1s,1,0.7986868737839831,8
2022-01-18,cl1s,1,0.7040975338035783,8
2022-01-19,cl1s,1,0.7419862256455038,8
2022-01-20,cl1s,1,0.7524718125287092,8
2022-01-21,cl1s,1,0.7322174582907774,8
2022-01-24,cl1s,1,0.7059557486231023,8
2022-01-25,cl1s,1,0.7067877450437269,8
2022-01-26,cl1s,1,0.7190582176998394,8
2022-01-27,cl1s,1,0.6840719581073395,8
2022-01-28,cl1s,1,0.6850803388381377,8
2022-01-31,cl1s,1,0.6522443609159513,8
2022-02-01,cl1s,1,0.6497638513564158,8
2022-02-02,cl1s,1,0.6506285607801195,8
2022-02-10,cl1s,1,0.6644688216611574,8
2022-02-15,cl1s,1,0.7034350962478602,8
2022-02-16,cl1s,1,0.7353038553190503,8
2022-02-17,cl1s,1,0.7280069799580331,8
2022-02-18,cl1s,1,0.6914637839384364,8
2022-02-22,cl1s,1,0.7347028229751108,8
2022-02-23,cl1s,1,0.4332533059173967,8
2022-02-24,cl1s,1,0.4785473193806755,8
2022-02-25,cl1s,1,0.39817691056811877,8
2022-02-28,cl1s,1,0.4378292212107753,8
2022-03-03,cl1s,1,0.5871111514892327,8
2022-03-14,cl1s,0,0.6737491737351465,8
2022-03-18,cl1s,0,0.7446832511705743,8
2022-03-21,cl1s,1,0.7163207850645311,8
2022-03-22,cl1s,1,0.6535688871921216,8
2022-03-23,cl1s,1,0.6732733890106126,8
2022-03-24,cl1s,1,0.6851132425120514,8
2022-03-25,cl1s,1,0.6909106810339393,8
2022-03-28,cl1s,1,0.6541129184758457,8
2022-04-13,cl1s,0,0.6393539789158271,8
2022-04-14,cl1s,1,0.674540939133996,8
2022-04-27,cl1s,1,0.7182807268233599,8
2022-04-28,cl1s,1,0.713305088857209,8
2022-04-29,cl1s,1,0.6995595464745279,8
2022-05-02,cl1s,1,0.7146160264333187,8
2022-05-03,cl1s,1,0.710771173251746,8
2022-05-04,cl1s,1,0.74353341914455,8
2022-05-05,cl1s,1,0.7812627175725837,8
2022-05-06,cl1s,1,0.7802172747162028,8
2022-05-09,cl1s,1,0.7753971196630922,8
2022-05-10,cl1s,1,0.7502508141988677,8
2022-05-11,cl1s,1,0.8157784863804189,8
2022-05-12,cl1s,1,0.7995206969486727,8
2022-05-13,cl1s,1,0.8020442237621158,8
2022-05-16,cl1s,1,0.7610318279612536,8
2022-05-17,cl1s,1,0.7965910490798471,8
2022-05-18,cl1s,1,0.8271407717706696,8
2022-05-19,cl1s,1,0.8379375817248504,8
2022-05-20,cl1s,1,0.8292989631614541,8
2022-05-23,cl1s,1,0.843894963867277,8
2022-05-24,cl1s,1,0.8485543511311481,8
2022-05-25,cl1s,1,0.85499196907658,8
2022-05-26,cl1s,1,0.8510409120287109,8
2022-05-27,cl1s,1,0.8204774116893414,8
2022-05-31,cl1s,1,0.8160689909429615,8
2022-06-01,cl1s,1,0.829684234176201,8
2022-06-02,cl1s,1,0.8452106014250668,8
2022-06-03,cl1s,0,0.8171751373941998,8
2022-06-06,cl1s,0,0.8161594213350278,8
2022-06-07,cl1s,0,0.7969123446459356,8
2022-06-08,cl1s,0,0.7673296350926019,8
2022-06-09,cl1s,0,0.7703425991394349,8
2022-06-10,cl1s,0,0.7477244627027732,8
2022-06-13,cl1s,0,0.6746506795276046,8
2022-06-14,cl1s,0,0.6507592759497375,8
2022-06-15,cl1s,0,0.6527099510515676,8
2020-11-16,cl1s,1,0.5394552902867127,9
2020-11-17,cl1s,1,0.5521455707100774,9
2020-11-18,cl1s,1,0.5512414503558263,9
2020-11-19,cl1s,1,0.5458220452824453,9
2020-11-20,cl1s,1,0.5677516763080726,9
2020-11-23,cl1s,1,0.5732224162045096,9
2020-11-24,cl1s,1,0.6172357558282494,9
2020-12-01,cl1s,1,0.5901693130791363,9
2020-12-02,cl1s,1,0.5881528131417629,9
2020-12-03,cl1s,1,0.5836115953833787,9
2020-12-04,cl1s,1,0.5892446458410279,9
2020-12-07,cl1s,1,0.5762197226308672,9
2020-12-08,cl1s,1,0.553974702996419,9
2020-12-09,cl1s,1,0.5178808911365258,9
2020-12-11,cl1s,1,0.5596008325335937,9
2021-01-04,cl1s,1,0.2752589897365738,9
2021-01-05,cl1s,1,0.4451795020809189,9
2021-01-06,cl1s,1,0.45887334304924526,9
2021-01-07,cl1s,1,0.4823182859236937,9
2021-01-08,cl1s,1,0.5319243650271243,9
2021-01-11,cl1s,1,0.5360689773585328,9
2021-01-15,cl1s,1,0.5349861284937549,9
2021-01-19,cl1s,1,0.5129107009945147,9
2021-01-20,cl1s,1,0.5240868244981105,9
2021-01-21,cl1s,1,0.48169762888551426,9
2021-02-04,cl1s,0,0.5270590361259171,9
2021-02-05,cl1s,0,0.5074153305462257,9
2021-02-08,cl1s,0,0.5577192784365084,9
2021-02-09,cl1s,0,0.5647700720409022,9
2021-02-10,cl1s,0,0.5562624221036647,9
2021-02-11,cl1s,0,0.5042145558801601,9
2021-02-12,cl1s,0,0.5682940963774252,9
2021-02-16,cl1s,0,0.5805030197074518,9
2021-02-17,cl1s,0,0.6196197971410378,9
2021-02-18,cl1s,0,0.5866961808167905,9
2021-02-19,cl1s,0,0.5245813806960844,9
2021-02-22,cl1s,0,0.6103863333088507,9
2021-02-23,cl1s,0,0.5975527838094551,9
2021-02-24,cl1s,0,0.6010828537649879,9
2021-02-25,cl1s,0,0.5942344809860991,9
2021-03-05,cl1s,1,0.5186202957070971,9
2021-03-08,cl1s,1,0.529024351639789,9
2021-04-15,cl1s,1,0.5217378916141308,9
2021-04-16,cl1s,1,0.4982783900120386,9
2021-04-19,cl1s,1,0.5011599912184567,9
2021-04-20,cl1s,1,0.48902506855444094,9
2021-04-21,cl1s,1,0.3934517816265822,9
2021-04-22,cl1s,1,0.36981238010499234,9
2021-04-23,cl1s,1,0.37583993161880785,9
2021-04-26,cl1s,1,0.34995633705714024,9
2021-04-27,cl1s,1,0.4000373696024726,9
2021-04-28,cl1s,1,0.42414075009510727,9
2021-04-29,cl1s,0,0.5352696949494605,9
2021-04-30,cl1s,1,0.5280417723536135,9
2021-05-03,cl1s,1,0.575159750746765,9
2021-05-04,cl1s,0,0.6296553100136034,9
2021-05-05,cl1s,0,0.6167038917175904,9
2021-05-12,cl1s,1,0.47131522750627824,9
2021-05-14,cl1s,1,0.39019373297680277,9
2021-05-17,cl1s,1,0.4927332367515403,9
2021-05-19,cl1s,1,0.3310248757328918,9
2021-05-20,cl1s,1,0.3271437508894694,9
2021-05-21,cl1s,1,0.32302870666748057,9
2021-05-24,cl1s,1,0.47527554338122113,9
2021-05-25,cl1s,1,0.4566659450491452,9
2021-05-26,cl1s,1,0.46133054091537,9
2021-05-27,cl1s,1,0.4830082712046616,9
2021-05-28,cl1s,1,0.4735574155977402,9
2021-06-01,cl1s,1,0.4068534596289587,9
2021-06-02,cl1s,1,0.41917793576639684,9
2021-06-03,cl1s,1,0.4208279705885948,9
2021-06-04,cl1s,1,0.5023534969153465,9
2021-06-07,cl1s,1,0.4535712146815582,9
2021-06-08,cl1s,1,0.485933414176175,9
2021-06-09,cl1s,1,0.45629199920997404,9
2021-06-10,cl1s,1,0.471405809200193,9
2021-06-15,cl1s,1,0.5237080212904959,9
2021-06-16,cl1s,1,0.5103504386935008,9
2021-06-17,cl1s,1,0.47062158365796136,9
2021-06-18,cl1s,1,0.47114700867436493,9
2021-06-21,cl1s,1,0.5255564765588344,9
2021-06-22,cl1s,0,0.4655708141684649,9
2021-06-24,cl1s,1,0.45752628266019135,9
2021-06-25,cl1s,1,0.47124279934758145,9
2021-06-28,cl1s,1,0.433271694840608,9
2021-06-29,cl1s,1,0.42805025048966777,9
2021-06-30,cl1s,0,0.4932699369333052,9
2021-07-01,cl1s,0,0.5107895241607607,9
2021-07-02,cl1s,0,0.44681742922661916,9
2021-07-06,cl1s,0,0.3662858060202891,9
2021-07-07,cl1s,0,0.2547808784709621,9
2021-07-08,cl1s,0,0.29658519496537333,9
2021-07-09,cl1s,0,0.3704681180043716,9
2021-07-12,cl1s,0,0.32084868686393786,9
2021-07-13,cl1s,0,0.3850344331837444,9
2021-07-14,cl1s,0,0.25102382881004676,9
2021-07-15,cl1s,0,0.26022677529938837,9
2021-07-16,cl1s,0,0.264355987063929,9
2021-07-19,cl1s,1,0.2971278092527199,9
2021-07-20,cl1s,1,0.3207450620515602,9
2021-07-21,cl1s,0,0.37570858224003467,9
2021-07-22,cl1s,0,0.3852538656398362,9
2021-07-23,cl1s,0,0.3801655694540173,9
2021-07-26,cl1s,0,0.37913685199229785,9
2021-07-27,cl1s,0,0.3790685694656546,9
2021-07-28,cl1s,0,0.3891410092396417,9
2021-07-29,cl1s,0,0.3967241716804109,9
2021-07-30,cl1s,0,0.397141812214764,9
2021-08-02,cl1s,0,0.39164092771462666,9
2021-08-03,cl1s,0,0.334023396573795,9
2021-08-04,cl1s,0,0.32086794150754616,9
2021-08-05,cl1s,0,0.32989642408210124,9
2021-08-06,cl1s,0,0.3191812403680082,9
2021-08-09,cl1s,0,0.33465920528733734,9
2021-08-10,cl1s,0,0.3293311266610722,9
2021-08-11,cl1s,0,0.35070461323758784,9
2021-08-12,cl1s,0,0.35496725337661045,9
2021-08-13,cl1s,1,0.36946529266165856,9
2021-08-16,cl1s,1,0.32425314619742374,9
2021-08-17,cl1s,1,0.3426414441422756,9
2021-08-18,cl1s,1,0.365084219438854,9
2021-08-19,cl1s,1,0.36353221385663054,9
2021-08-20,cl1s,1,0.3564095411671105,9
2021-08-23,cl1s,1,0.3955292759177851,9
2021-08-24,cl1s,1,0.3950366390360699,9
2021-08-25,cl1s,0,0.39425213090754613,9
2021-08-26,cl1s,1,0.3885864848569096,9
2021-08-27,cl1s,1,0.44084284710034827,9
2021-08-30,cl1s,1,0.44783530172482927,9
2021-08-31,cl1s,1,0.41704924198671156,9
2021-09-01,cl1s,1,0.4367997597906644,9
2021-09-02,cl1s,1,0.4746194808663169,9
2021-09-03,cl1s,1,0.4346484587525537,9
2021-09-07,cl1s,1,0.3716527205045178,9
2020-11-16,cl1s,1,0.5061252206979793,10
2020-11-17,cl1s,1,0.5304516947668877,10
2020-11-18,cl1s,1,0.5249425295531318,10
2020-11-19,cl1s,1,0.5278333200556965,10
2020-11-20,cl1s,1,0.5350382912724041,10
2020-11-23,cl1s,1,0.5552401967234992,10
2020-11-24,cl1s,1,0.5921227539672879,10
2020-12-01,cl1s,1,0.5532165183013678,10
2020-12-02,cl1s,1,0.5530604849939548,10
2020-12-03,cl1s,1,0.5225662526526315,10
2020-12-04,cl1s,1,0.5101145636279445,10
2020-12-07,cl1s,1,0.5314428815534252,10
2020-12-08,cl1s,1,0.5277175620739609,10
2020-12-09,cl1s,1,0.4826939390474462,10
2020-12-11,cl1s,1,0.4949542209112343,10
2021-01-04,cl1s,1,0.3595091000873331,10
2021-01-05,cl1s,1,0.4620509266478846,10
2021-01-06,cl1s,1,0.454482363877254,10
2021-01-07,cl1s,1,0.4727143541586351,10
2021-01-08,cl1s,1,0.5020564603746251,10
2021-01-11,cl1s,1,0.5658607666121955,10
2021-01-15,cl1s,1,0.5923578870100996,10
2021-01-19,cl1s,1,0.5506430491367178,10
2021-01-20,cl1s,1,0.5581126566674351,10
2021-01-21,cl1s,1,0.5020609076453425,10
2021-02-04,cl1s,0,0.4775168563178626,10
2021-02-05,cl1s,0,0.48174637971009493,10
2021-02-08,cl1s,0,0.46897810969095344,10
2021-02-09,cl1s,0,0.5084384257248908,10
2021-02-10,cl1s,0,0.4854613193894978,10
2021-02-11,cl1s,0,0.49081827507996906,10
2021-02-12,cl1s,0,0.5211529354803383,10
2021-02-16,cl1s,0,0.5244293539255445,10
2021-02-17,cl1s,0,0.5653553786813955,10
2021-02-18,cl1s,0,0.548743379346818,10
2021-02-19,cl1s,0,0.5497143953162278,10
2021-02-22,cl1s,0,0.592448095397705,10
2021-02-23,cl1s,0,0.5632218562991889,10
2021-02-24,cl1s,0,0.5466170833443927,10
2021-02-25,cl1s,0,0.5511899504554775,10
2021-03-05,cl1s,1,0.5104602471421033,10
2021-03-08,cl1s,1,0.5479097874448271,10
2021-04-15,cl1s,1,0.4848617610048599,10
2021-04-16,cl1s,1,0.4201592464981243,10
2021-04-19,cl1s,1,0.41778072505495695,10
2021-04-20,cl1s,1,0.41090955085710285,10
2021-04-21,cl1s,1,0.35999986652630084,10
2021-04-22,cl1s,1,0.3633386769642796,10
2021-04-23,cl1s,1,0.36781913502519376,10
2021-04-26,cl1s,1,0.35861494490464957,10
2021-04-27,cl1s,1,0.4042911461483459,10
2021-04-28,cl1s,1,0.40678886782899515,10
2021-04-29,cl1s,0,0.5099472508814096,10
2021-04-30,cl1s,1,0.48551671704885413,10
2021-05-03,cl1s,1,0.5374701984055845,10
2021-05-04,cl1s,0,0.5663776823292265,10
2021-05-05,cl1s,0,0.5428523988299156,10
2021-05-12,cl1s,1,0.4806699915968382,10
2021-05-14,cl1s,1,0.3696917837909887,10
2021-05-17,cl1s,1,0.4446006681600676,10
2021-05-19,cl1s,1,0.3727833641504488,10
2021-05-20,cl1s,1,0.3867901651667441,10
2021-05-21,cl1s,1,0.3469125892749736,10
2021-05-24,cl1s,1,0.3910680138604167,10
2021-05-25,cl1s,1,0.3843809951941509,10
2021-05-26,cl1s,1,0.36847298371489684,10
2021-05-27,cl1s,1,0.39706086664774976,10
2021-09-08,cl1s,1,0.2631879399160977,10
2021-09-09,cl1s,1,0.21938755747834865,10
2021-09-10,cl1s,1,0.2856778144808925,10
2021-09-13,cl1s,1,0.35948549352686643,10
2021-09-14,cl1s,1,0.37374455048604316,10
2021-09-15,cl1s,1,0.43818500898298124,10
2021-09-16,cl1s,1,0.4931275583187492,10
2021-09-17,cl1s,1,0.5121232122706355,10
2021-09-20,cl1s,1,0.4244211009267568,10
2021-09-21,cl1s,1,0.42749843156875195,10
2021-09-22,cl1s,1,0.471108864639961,10
2021-09-23,cl1s,1,0.48515598679534266,10
2021-09-24,cl1s,1,0.47035402594015874,10
2021-09-27,cl1s,1,0.4821331213544138,10
2021-09-28,cl1s,1,0.5218316462021912,10
2021-09-29,cl1s,1,0.5156590915435024,10
2021-09-30,cl1s,1,0.49836360835248117,10
2021-10-01,cl1s,1,0.5106193297321663,10
2021-10-04,cl1s,1,0.5140518686404605,10
2021-11-03,cl1s,0,0.26104388165869014,10
2021-11-05,cl1s,0,0.21564016012021794,10
2021-11-08,cl1s,0,0.225756779915427,10
2021-11-09,cl1s,0,0.2831122895408171,10
2021-11-10,cl1s,0,0.23321900817228955,10
2021-11-11,cl1s,0,0.22539022569152223,10
2021-11-12,cl1s,0,0.23529312546154343,10
2021-11-15,cl1s,0,0.2357048123479998,10
2021-11-16,cl1s,0,0.22593794381575522,10
2021-11-17,cl1s,0,0.2743372418990931,10
2021-11-18,cl1s,0,0.27789794405877916,10
2021-11-19,cl1s,0,0.3119027787706582,10
2021-11-22,cl1s,0,0.325968512710673,10
2021-11-23,cl1s,0,0.27204569004170875,10
2021-11-24,cl1s,0,0.2886114445302615,10
2021-11-26,cl1s,1,0.6113581813620281,10
2021-11-29,cl1s,1,0.6402260167357189,10
2021-11-30,cl1s,1,0.6847436492317116,10
2021-12-01,cl1s,1,0.69036537524354,10
2021-12-02,cl1s,1,0.7070679037143858,10
2021-12-03,cl1s,1,0.6847170836577345,10
2021-12-06,cl1s,0,0.6736151280883071,10
2021-12-07,cl1s,0,0.6399217804373197,10
2021-12-08,cl1s,1,0.572827297978242,10
2021-12-09,cl1s,1,0.5931115449340146,10
2021-12-10,cl1s,1,0.5577388502742405,10
2021-12-13,cl1s,1,0.5452905884852878,10
2021-12-14,cl1s,1,0.5877484380696458,10
2021-12-15,cl1s,1,0.5908483064951143,10
2021-12-16,cl1s,1,0.5786463652219042,10
2021-12-17,cl1s,1,0.583304390048347,10
2021-12-20,cl1s,1,0.6446789954486327,10
2021-12-21,cl1s,1,0.5905116996973999,10
2021-12-22,cl1s,1,0.5775681550824442,10
2021-12-23,cl1s,1,0.5704235686319169,10
2021-12-27,cl1s,1,0.6469724395695958,10
2021-12-28,cl1s,1,0.6355530661636123,10
2021-12-29,cl1s,1,0.5967498195412426,10
2021-12-30,cl1s,1,0.5889455546187808,10
2021-12-31,cl1s,1,0.6108515944062888,10
2022-01-03,cl1s,1,0.6255471581314901,10
2022-01-04,cl1s,1,0.6298470199952775,10
2022-01-05,cl1s,1,0.63449116677041,10
2022-01-06,cl1s,1,0.6342142187684718,10
2022-01-07,cl1s,1,0.6459422317860588,10
2022-01-10,cl1s,1,0.6464064753917272,10
2022-01-11,cl1s,1,0.6178000810854966,10
2022-01-12,cl1s,1,0.6664487381287024,10
2020-11-16,cl1s,1,0.6259041943408254,11
2020-11-17,cl1s,1,0.6321489340731138,11
2020-11-18,cl1s,1,0.6418461657273766,11
2020-11-19,cl1s,1,0.6327663486637486,11
2020-11-20,cl1s,1,0.6414568085763284,11
2020-11-23,cl1s,1,0.6485187801145192,11
2020-11-24,cl1s,1,0.6418019345629344,11
2020-12-01,cl1s,1,0.5642541113339232,11
2020-12-02,cl1s,1,0.5509955475037817,11
2020-12-03,cl1s,1,0.5365895087878403,11
2020-12-04,cl1s,1,0.5456369931205487,11
2020-12-07,cl1s,1,0.5192251026596763,11
2020-12-08,cl1s,1,0.5213944565500224,11
2020-12-09,cl1s,1,0.4781226064906873,11
2020-12-11,cl1s,1,0.5047197705298698,11
2021-01-04,cl1s,1,0.37108471656627545,11
2021-01-05,cl1s,1,0.42454621660324854,11
2021-01-06,cl1s,1,0.4521186176969099,11
2021-01-07,cl1s,1,0.4908394290807206,11
2021-01-08,cl1s,1,0.5262857249628369,11
2021-01-11,cl1s,1,0.5850332866682213,11
2021-01-15,cl1s,1,0.5294441202352766,11
2021-01-19,cl1s,1,0.5196730716339478,11
2021-01-20,cl1s,1,0.5394079530664735,11
2021-01-21,cl1s,1,0.49621793664578423,11
2021-02-04,cl1s,0,0.4396615109263205,11
2021-02-05,cl1s,0,0.4156554066749135,11
2021-02-08,cl1s,0,0.4160474325216093,11
2021-02-09,cl1s,0,0.5049035122209058,11
2021-02-10,cl1s,0,0.4737439194467686,11
2021-02-11,cl1s,0,0.48091165204945874,11
2021-02-12,cl1s,0,0.4956761997295295,11
2021-02-16,cl1s,0,0.4897070765567052,11
2021-02-17,cl1s,0,0.5377005319685367,11
2021-02-18,cl1s,0,0.50281873975024,11
2021-02-19,cl1s,0,0.4143093551683012,11
2021-02-22,cl1s,0,0.4552161712930094,11
2021-02-23,cl1s,0,0.44159051669030913,11
2021-02-24,cl1s,0,0.43265225965229526,11
2021-02-25,cl1s,0,0.4384554173863585,11
2021-03-05,cl1s,1,0.39123097466992574,11
2021-03-08,cl1s,1,0.4244741385264133,11
2021-04-15,cl1s,1,0.6113102813648913,11
2021-04-16,cl1s,1,0.5609661428206084,11
2021-04-19,cl1s,1,0.5421642697164067,11
2021-04-20,cl1s,1,0.5520946136788047,11
2021-04-21,cl1s,1,0.4899760046843209,11
2021-04-22,cl1s,1,0.5006216628133967,11
2021-04-23,cl1s,1,0.49889323562274873,11
2021-04-26,cl1s,1,0.4901178573115806,11
2021-04-27,cl1s,1,0.5048455579543639,11
2021-04-28,cl1s,1,0.5043205448946536,11
2021-04-29,cl1s,0,0.5721205673879891,11
2021-04-30,cl1s,1,0.5721976398103022,11
2021-05-03,cl1s,1,0.5814298688796306,11
2021-05-04,cl1s,0,0.621386066866309,11
2021-05-05,cl1s,0,0.6063448281238103,11
2021-05-12,cl1s,1,0.5203893627512498,11
2021-05-14,cl1s,1,0.39181394064617964,11
2021-05-17,cl1s,1,0.4341106034289882,11
2021-05-19,cl1s,1,0.3986688019987932,11
2021-05-20,cl1s,1,0.39324490003379775,11
2021-05-21,cl1s,1,0.39206784856340915,11
2021-05-24,cl1s,1,0.4210227953565782,11
2021-05-25,cl1s,1,0.41667784319970247,11
2021-05-26,cl1s,1,0.41935092058868406,11
2021-05-27,cl1s,1,0.44812449344051913,11
2022-01-13,cl1s,1,0.6869674187391348,11
2022-01-14,cl1s,1,0.6799117066228672,11
2022-01-18,cl1s,1,0.6317757905083221,11
2022-01-19,cl1s,1,0.6840200294867181,11
2022-01-20,cl1s,1,0.6643245387112404,11
2022-01-21,cl1s,1,0.6571626414476286,11
2022-01-24,cl1s,1,0.6218387902527863,11
2022-01-25,cl1s,1,0.6145717595038744,11
2022-01-26,cl1s,1,0.6145511568201747,11
2022-01-27,cl1s,1,0.6041411033861107,11
2022-01-28,cl1s,1,0.6024887418046715,11
2022-01-31,cl1s,1,0.5907276290572429,11
2022-02-01,cl1s,1,0.5686549030115944,11
2022-02-02,cl1s,1,0.5663834791501593,11
2022-02-10,cl1s,1,0.5219829298018565,11
2022-02-15,cl1s,1,0.5539581869591682,11
2022-02-16,cl1s,1,0.5796989255461255,11
2022-02-17,cl1s,1,0.5282360025507017,11
2022-02-18,cl1s,1,0.5178226637538592,11
2022-02-22,cl1s,1,0.5377279440620432,11
2022-02-23,cl1s,1,0.41179892912126986,11
2022-02-24,cl1s,1,0.46600205611402257,11
2022-02-25,cl1s,1,0.4470026441824291,11
2022-02-28,cl1s,1,0.4415542857586328,11
2022-03-03,cl1s,1,0.6129718512553269,11
2022-03-14,cl1s,0,0.6748297261040536,11
2022-03-18,cl1s,0,0.6713518367854906,11
2022-03-21,cl1s,1,0.6828682930056401,11
2022-03-22,cl1s,1,0.6548091731707358,11
2022-03-23,cl1s,1,0.6478269512505171,11
2022-03-24,cl1s,1,0.6409733631273866,11
2022-03-25,cl1s,1,0.6457791331403343,11
2022-03-28,cl1s,1,0.6615721365107664,11
2022-04-13,cl1s,0,0.6194388524912423,11
2022-04-14,cl1s,1,0.6029597831761498,11
2022-04-27,cl1s,1,0.6383249743637488,11
2022-04-28,cl1s,1,0.6277552717576873,11
2022-04-29,cl1s,1,0.6155499181694317,11
2022-05-02,cl1s,1,0.6386475192892174,11
2022-05-03,cl1s,1,0.5982746392723569,11
2022-05-04,cl1s,1,0.652872330767171,11
2022-05-05,cl1s,1,0.6827826598021544,11
2022-05-06,cl1s,1,0.680741834341245,11
2022-05-09,cl1s,1,0.6848528991798527,11
2022-05-10,cl1s,1,0.6407585866629456,11
2022-05-11,cl1s,1,0.6670327115245607,11
2022-05-12,cl1s,1,0.6345255079884577,11
2022-05-13,cl1s,1,0.6301468538471348,11
2022-05-16,cl1s,1,0.6867804844618982,11
2022-05-17,cl1s,1,0.6707542151973839,11
2022-05-18,cl1s,1,0.6895005342221789,11
2022-05-19,cl1s,1,0.7187113706376175,11
2022-05-20,cl1s,1,0.6939220481181282,11
2022-05-23,cl1s,1,0.6847648701111262,11
2022-05-24,cl1s,1,0.670817130252139,11
2022-05-25,cl1s,1,0.666521393557383,11
2022-05-26,cl1s,1,0.6704387400612514,11
2022-05-27,cl1s,1,0.6598762455894441,11
2022-05-31,cl1s,1,0.6414701636297205,11
2022-06-01,cl1s,1,0.6355790234483546,11
2022-06-02,cl1s,1,0.6775163533915451,11
2022-06-03,cl1s,0,0.6963497423320129,11
2022-06-06,cl1s,0,0.660754788077714,11
2022-06-07,cl1s,0,0.6489498447596462,11
2022-06-08,cl1s,0,0.6218127677062419,11
2022-06-09,cl1s,0,0.600349386559825,11
2022-06-10,cl1s,0,0.5891072137701067,11
2022-06-13,cl1s,0,0.5478293061416266,11
2022-06-14,cl1s,0,0.5556649409474719,11
2022-06-15,cl1s,0,0.5049774443538346,11
2021-05-28,cl1s,1,0.565446115038703,12
2021-06-01,cl1s,1,0.5254224920212148,12
2021-06-02,cl1s,1,0.49932482135396555,12
2021-06-03,cl1s,1,0.49508813092579906,12
2021-06-04,cl1s,1,0.4762397146821261,12
2021-06-07,cl1s,1,0.4657368783718192,12
2021-06-08,cl1s,1,0.40620046696307477,12
2021-06-09,cl1s,1,0.40533655218802606,12
2021-06-10,cl1s,1,0.4308250345612839,12
2021-06-15,cl1s,1,0.39279530570692966,12
2021-06-16,cl1s,1,0.3912385233747628,12
2021-06-17,cl1s,1,0.32850278541664824,12
2021-06-18,cl1s,1,0.30902766217533933,12
2021-06-21,cl1s,1,0.28161572730924966,12
2021-06-22,cl1s,0,0.27578450817098554,12
2021-06-24,cl1s,1,0.28114556213401554,12
2021-06-25,cl1s,1,0.28504063847081784,12
2021-06-28,cl1s,1,0.34186249138301167,12
2021-06-29,cl1s,1,0.3200095582672818,12
2021-06-30,cl1s,0,0.3229913017128656,12
2021-07-01,cl1s,0,0.27747585214541054,12
2021-07-02,cl1s,0,0.28053297797396504,12
2021-07-06,cl1s,0,0.30446167900281024,12
2021-07-07,cl1s,0,0.3223475622002971,12
2021-07-08,cl1s,0,0.3573741670672762,12
2021-07-09,cl1s,0,0.3425450656594395,12
2021-07-12,cl1s,0,0.3555282867293029,12
2021-07-13,cl1s,0,0.34496151671765407,12
2021-07-14,cl1s,0,0.3673474146268772,12
2021-07-15,cl1s,0,0.3888349470578175,12
2021-07-16,cl1s,0,0.38204921760117766,12
2021-07-19,cl1s,1,0.41183617734801214,12
2021-07-20,cl1s,1,0.4079351285792205,12
2021-07-21,cl1s,0,0.44030686286310566,12
2021-07-22,cl1s,0,0.4513859577524403,12
2021-07-23,cl1s,0,0.44170898196828146,12
2021-07-26,cl1s,0,0.44948860867677043,12
2021-07-27,cl1s,0,0.44869925747535044,12
2021-07-28,cl1s,0,0.48561525352702556,12
2021-07-29,cl1s,0,0.5260750583553138,12
2021-07-30,cl1s,0,0.5498052416650666,12
2021-08-02,cl1s,0,0.4728183792955209,12
2021-08-03,cl1s,0,0.44689808168104966,12
2021-08-04,cl1s,0,0.4475519355568915,12
2021-08-05,cl1s,0,0.4518787945348998,12
2021-08-06,cl1s,0,0.43943197341367873,12
2021-08-09,cl1s,0,0.4422582539297149,12
2021-08-10,cl1s,0,0.43498856812628695,12
2021-08-11,cl1s,0,0.48009671032577284,12
2021-08-12,cl1s,0,0.4639830688897179,12
2021-08-13,cl1s,1,0.4541322592214281,12
2021-08-16,cl1s,1,0.41297450402023206,12
2021-08-17,cl1s,1,0.44228255377211195,12
2021-08-18,cl1s,1,0.4548785959061926,12
2021-08-19,cl1s,1,0.46797913616256837,12
2021-08-20,cl1s,1,0.449523648655301,12
2021-08-23,cl1s,1,0.4676505403653952,12
2021-08-24,cl1s,1,0.45274937362317197,12
2021-08-25,cl1s,0,0.46757624377175233,12
2021-08-26,cl1s,1,0.47803149287018365,12
2021-08-27,cl1s,1,0.5159403393379013,12
2021-08-30,cl1s,1,0.5099162316830654,12
2021-08-31,cl1s,1,0.4733990186512952,12
2021-09-01,cl1s,1,0.48302450811583514,12
2021-09-02,cl1s,1,0.5373491504753073,12
2021-09-03,cl1s,1,0.4628672847832668,12
2021-09-07,cl1s,1,0.3737383519086381,12
2021-09-08,cl1s,1,0.3645916073211875,12
2021-09-09,cl1s,1,0.34427638364535024,12
2021-09-10,cl1s,1,0.4419174401103724,12
2021-09-13,cl1s,1,0.48573715114972826,12
2021-09-14,cl1s,1,0.45047290213907115,12
2021-09-15,cl1s,1,0.4884390160165886,12
2021-09-16,cl1s,1,0.5363693996246129,12
2021-09-17,cl1s,1,0.5357695417478335,12
2021-09-20,cl1s,1,0.4715326351030893,12
2021-09-21,cl1s,1,0.4322050104800091,12
2021-09-22,cl1s,1,0.46902061522092037,12
2021-09-23,cl1s,1,0.48631748100909705,12
2021-09-24,cl1s,1,0.4605178318099976,12
2021-09-27,cl1s,1,0.5094694059152897,12
2021-09-28,cl1s,1,0.5206090305576071,12
2021-09-29,cl1s,1,0.4937532907029422,12
2021-09-30,cl1s,1,0.4713322486345582,12
2021-10-01,cl1s,1,0.45743469350720195,12
2021-10-04,cl1s,1,0.4227443202763535,12
2021-11-03,cl1s,0,0.3437770319097406,12
2021-11-05,cl1s,0,0.4058538627663761,12
2021-11-08,cl1s,0,0.43837414518486695,12
2021-11-09,cl1s,0,0.48039215181635236,12
2021-11-10,cl1s,0,0.4502006951787962,12
2021-11-11,cl1s,0,0.43952731443719595,12
2021-11-12,cl1s,0,0.436313778216827,12
2021-11-15,cl1s,0,0.4125396128070387,12
2021-11-16,cl1s,0,0.3992986888054567,12
2021-11-17,cl1s,0,0.40003097784715114,12
2021-11-18,cl1s,0,0.4160051456103444,12
2021-11-19,cl1s,0,0.4451512738901162,12
2021-11-22,cl1s,0,0.4561211912083485,12
2021-11-23,cl1s,0,0.43613790807528613,12
2021-11-24,cl1s,0,0.42650948088458795,12
2021-11-26,cl1s,1,0.6934773420615482,12
2021-11-29,cl1s,1,0.6995863331091392,12
2021-11-30,cl1s,1,0.7463832404196677,12
2021-12-01,cl1s,1,0.7282231499631223,12
2021-12-02,cl1s,1,0.7468425959726752,12
2021-12-03,cl1s,1,0.7251848957603942,12
2021-12-06,cl1s,0,0.715539376991831,12
2021-12-07,cl1s,0,0.6786709577051688,12
2021-12-08,cl1s,1,0.6419433872082916,12
2021-12-09,cl1s,1,0.6312698149858846,12
2021-12-10,cl1s,1,0.6121350514734201,12
2021-12-13,cl1s,1,0.5942031137892384,12
2021-12-14,cl1s,1,0.6250386771440138,12
2021-12-15,cl1s,1,0.6115424144987853,12
2021-12-16,cl1s,1,0.6929524870733446,12
2021-12-17,cl1s,1,0.6906358025630557,12
2021-12-20,cl1s,1,0.7270615293039517,12
2021-12-21,cl1s,1,0.716610296623268,12
2021-12-22,cl1s,1,0.7127413289136166,12
2021-12-23,cl1s,1,0.6848971836532657,12
2021-12-27,cl1s,1,0.7117203829992829,12
2021-12-28,cl1s,1,0.715889630387263,12
2021-12-29,cl1s,1,0.6835573739744968,12
2021-12-30,cl1s,1,0.6880932474246668,12
2021-12-31,cl1s,1,0.715606503604975,12
2022-01-03,cl1s,1,0.731654338850331,12
2022-01-04,cl1s,1,0.7025625638156647,12
2022-01-05,cl1s,1,0.6284650700398573,12
2022-01-06,cl1s,1,0.6070987804576776,12
2022-01-07,cl1s,1,0.6508343407281466,12
2022-01-10,cl1s,1,0.6179244555959004,12
2022-01-11,cl1s,1,0.6662139910652023,12
2022-01-12,cl1s,1,0.6528677057902124,12
2021-05-28,cl1s,1,0.49215722489161723,13
2021-06-01,cl1s,1,0.48088722616636564,13
2021-06-02,cl1s,1,0.48963889594330556,13
2021-06-03,cl1s,1,0.4758267697761116,13
2021-06-04,cl1s,1,0.5099063172694448,13
2021-06-07,cl1s,1,0.49934162999790693,13
2021-06-08,cl1s,1,0.5131690804339791,13
2021-06-09,cl1s,1,0.5113874060942715,13
2021-06-10,cl1s,1,0.5210974322676336,13
2021-06-15,cl1s,1,0.5105541353434254,13
2021-06-16,cl1s,1,0.5078654349473769,13
2021-06-17,cl1s,1,0.4320685873828508,13
2021-06-18,cl1s,1,0.3884397186845431,13
2021-06-21,cl1s,1,0.383020088676894,13
2021-06-22,cl1s,0,0.41199330589451333,13
2021-06-24,cl1s,1,0.4005612734535527,13
2021-06-25,cl1s,1,0.4141828464195088,13
2021-06-28,cl1s,1,0.41814989549130105,13
2021-06-29,cl1s,1,0.4066659495240296,13
2021-06-30,cl1s,0,0.38906217253870445,13
2021-07-01,cl1s,0,0.4011317139922047,13
2021-07-02,cl1s,0,0.36318237642299955,13
2021-07-06,cl1s,0,0.3342348120183695,13
2021-07-07,cl1s,0,0.268445945509333,13
2021-07-08,cl1s,0,0.29892265971217,13
2021-07-09,cl1s,0,0.30689792182231207,13
2021-07-12,cl1s,0,0.30517937616985863,13
2021-07-13,cl1s,0,0.2995792025493238,13
2021-07-14,cl1s,0,0.3212618925452964,13
2021-07-15,cl1s,0,0.3332323719277141,13
2021-07-16,cl1s,0,0.284962665935937,13
2021-07-19,cl1s,1,0.33615047042435814,13
2021-07-20,cl1s,1,0.34983763580241584,13
2021-07-21,cl1s,0,0.3708962548292362,13
2021-07-22,cl1s,0,0.35335883392458667,13
2021-07-23,cl1s,0,0.34756367865560683,13
2021-07-26,cl1s,0,0.3538614212842919,13
2021-07-27,cl1s,0,0.35824904504295707,13
2021-07-28,cl1s,0,0.38137512472085994,13
2021-07-29,cl1s,0,0.40506853110414925,13
2021-07-30,cl1s,0,0.41878599795808197,13
2021-08-02,cl1s,0,0.3659976183371457,13
2021-08-03,cl1s,0,0.32964558250869885,13
2021-08-04,cl1s,0,0.31933568508129195,13
2021-08-05,cl1s,0,0.3368273459139831,13
2021-08-06,cl1s,0,0.3227557606262184,13
2021-08-09,cl1s,0,0.3333670390816276,13
2021-08-10,cl1s,0,0.34125821309315235,13
2021-08-11,cl1s,0,0.3914081305083428,13
2021-08-12,cl1s,0,0.4051968975468613,13
2021-08-13,cl1s,1,0.4184526068040479,13
2021-08-16,cl1s,1,0.36903992476886327,13
2021-08-17,cl1s,1,0.382127857369384,13
2021-08-18,cl1s,1,0.3937453946786285,13
2021-08-19,cl1s,1,0.39883981846058597,13
2021-08-20,cl1s,1,0.37377340602877795,13
2021-08-23,cl1s,1,0.42305563723857037,13
2021-08-24,cl1s,1,0.430277472875097,13
2021-08-25,cl1s,0,0.43825654781802237,13
2021-08-26,cl1s,1,0.42606165636482596,13
2021-08-27,cl1s,1,0.5008613258716572,13
2021-08-30,cl1s,1,0.48861237566011045,13
2021-08-31,cl1s,1,0.4789441530506426,13
2021-09-01,cl1s,1,0.4624374115988631,13
2021-09-02,cl1s,1,0.46950308385844436,13
2021-09-03,cl1s,1,0.45159823799207527,13
2021-09-07,cl1s,1,0.3915441442539566,13
2022-01-13,cl1s,1,0.6217985162818899,13
2022-01-14,cl1s,1,0.6037457384476018,13
2022-01-18,cl1s,1,0.5304568545185407,13
2022-01-19,cl1s,1,0.5699480943054404,13
2022-01-20,cl1s,1,0.5497832102976056,13
2022-01-21,cl1s,1,0.5504411352125805,13
2022-01-24,cl1s,1,0.5215384173970464,13
2022-01-25,cl1s,1,0.5212478507874683,13
2022-01-26,cl1s,1,0.526980021685677,13
2022-01-27,cl1s,1,0.5171434380982739,13
2022-01-28,cl1s,1,0.5033517455748812,13
2022-01-31,cl1s,1,0.49022715826893015,13
2022-02-01,cl1s,1,0.4861831386717415,13
2022-02-02,cl1s,1,0.4942330013303803,13
2022-02-10,cl1s,1,0.44439001339040535,13
2022-02-15,cl1s,1,0.5298372417592537,13
2022-02-16,cl1s,1,0.549912515735285,13
2022-02-17,cl1s,1,0.5307681802461968,13
2022-02-18,cl1s,1,0.5280444002966734,13
2022-02-22,cl1s,1,0.5390620078198798,13
2022-02-23,cl1s,1,0.4035082764686297,13
2022-02-24,cl1s,1,0.4786420816190056,13
2022-02-25,cl1s,1,0.46381864406208706,13
2022-02-28,cl1s,1,0.4810070328181448,13
2022-03-03,cl1s,1,0.6156816709454,13
2022-03-14,cl1s,0,0.6802975405161141,13
2022-03-18,cl1s,0,0.7292415238130816,13
2022-03-21,cl1s,1,0.7039828398983626,13
2022-03-22,cl1s,1,0.6835632393444031,13
2022-03-23,cl1s,1,0.6810299775454538,13
2022-03-24,cl1s,1,0.6750814467192926,13
2022-03-25,cl1s,1,0.6825592983809605,13
2022-03-28,cl1s,1,0.6858690827851555,13
2022-04-13,cl1s,0,0.664815598164962,13
2022-04-14,cl1s,1,0.660198265214822,13
2022-04-27,cl1s,1,0.6583981759937617,13
2022-04-28,cl1s,1,0.667119174264814,13
2022-04-29,cl1s,1,0.662539101076842,13
2022-05-02,cl1s,1,0.6601485865042068,13
2022-05-03,cl1s,1,0.644564479860492,13
2022-05-04,cl1s,1,0.6747631515409916,13
2022-05-05,cl1s,1,0.6693979308081703,13
2022-05-06,cl1s,1,0.6789259723002472,13
2022-05-09,cl1s,1,0.6839967841224343,13
2022-05-10,cl1s,1,0.6655906933883441,13
2022-05-11,cl1s,1,0.7166678495104418,13
2022-05-12,cl1s,1,0.7075248818249376,13
2022-05-13,cl1s,1,0.691126468201057,13
2022-05-16,cl1s,1,0.7095167600249503,13
2022-05-17,cl1s,1,0.7198371343593976,13
2022-05-18,cl1s,1,0.7441233399093075,13
2022-05-19,cl1s,1,0.7515441547037249,13
2022-05-20,cl1s,1,0.728523284576193,13
2022-05-23,cl1s,1,0.7071473238695494,13
2022-05-24,cl1s,1,0.686005235549196,13
2022-05-25,cl1s,1,0.67694331359907,13
2022-05-26,cl1s,1,0.6730876740510583,13
2022-05-27,cl1s,1,0.6727621956102863,13
2022-05-31,cl1s,1,0.6673593884769585,13
2022-06-01,cl1s,1,0.6405652655906118,13
2022-06-02,cl1s,1,0.6815480587303628,13
2022-06-03,cl1s,0,0.6948660400859588,13
2022-06-06,cl1s,0,0.6782465422743105,13
2022-06-07,cl1s,0,0.6273331339366889,13
2022-06-08,cl1s,0,0.6017441595523693,13
2022-06-09,cl1s,0,0.562203813290072,13
2022-06-10,cl1s,0,0.5650518190844553,13
2022-06-13,cl1s,0,0.5168899864651905,13
2022-06-14,cl1s,0,0.5484979521380469,13
2022-06-15,cl1s,0,0.510644348675735,13
2021-09-08,cl1s,1,0.36476188185777453,14
2021-09-09,cl1s,1,0.3709249306087038,14
2021-09-10,cl1s,1,0.41370821661513163,14
2021-09-13,cl1s,1,0.4281693387167351,14
2021-09-14,cl1s,1,0.43560669516228073,14
2021-09-15,cl1s,1,0.4465114341981829,14
2021-09-16,cl1s,1,0.4503225041091524,14
2021-09-17,cl1s,1,0.4576381447695138,14
2021-09-20,cl1s,1,0.4327429113477139,14
2021-09-21,cl1s,1,0.4262611674700865,14
2021-09-22,cl1s,1,0.42231856651097627,14
2021-09-23,cl1s,1,0.4468320035205439,14
2021-09-24,cl1s,1,0.44256140132378485,14
2021-09-27,cl1s,1,0.444087907465479,14
2021-09-28,cl1s,1,0.40742750165849156,14
2021-09-29,cl1s,1,0.4155552657428857,14
2021-09-30,cl1s,1,0.43303508567418364,14
2021-10-01,cl1s,1,0.4301040536304542,14
2021-10-04,cl1s,1,0.4376952077054134,14
2021-11-03,cl1s,0,0.27787921560028894,14
2021-11-05,cl1s,0,0.3121328374887904,14
2021-11-08,cl1s,0,0.32279777532410636,14
2021-11-09,cl1s,0,0.3173075254787488,14
2021-11-10,cl1s,0,0.33669907461926857,14
2021-11-11,cl1s,0,0.33271245598761945,14
2021-11-12,cl1s,0,0.33160872492443105,14
2021-11-15,cl1s,0,0.3390884263390573,14
2021-11-16,cl1s,0,0.3329355783150189,14
2021-11-17,cl1s,0,0.34194518583811606,14
2021-11-18,cl1s,0,0.318903872609512,14
2021-11-19,cl1s,0,0.33962964462839385,14
2021-11-22,cl1s,0,0.3486383529195896,14
2021-11-23,cl1s,0,0.3330575103936511,14
2021-11-24,cl1s,0,0.3335041385335617,14
2021-11-26,cl1s,1,0.6573864263195288,14
2021-11-29,cl1s,1,0.673578896613115,14
2021-11-30,cl1s,1,0.7126397106882948,14
2021-12-01,cl1s,1,0.7036077828606061,14
2021-12-02,cl1s,1,0.7255428094877105,14
2021-12-03,cl1s,1,0.7060787640634449,14
2021-12-06,cl1s,0,0.6915332164795419,14
2021-12-07,cl1s,0,0.6778933910537257,14
2021-12-08,cl1s,1,0.6451018828663259,14
2021-12-09,cl1s,1,0.6569642516510837,14
2021-12-10,cl1s,1,0.61369043013129,14
2021-12-13,cl1s,1,0.5974584495983755,14
2021-12-14,cl1s,1,0.6090926269652946,14
2021-12-15,cl1s,1,0.6501476566777107,14
2021-12-16,cl1s,1,0.6654991215245386,14
2021-12-17,cl1s,1,0.6488567561737012,14
2021-12-20,cl1s,1,0.6717336518440686,14
2021-12-21,cl1s,1,0.6311177827459695,14
2021-12-22,cl1s,1,0.6043394680935579,14
2021-12-23,cl1s,1,0.6022287656880672,14
2021-12-27,cl1s,1,0.5576382367580272,14
2021-12-28,cl1s,1,0.5735356225054851,14
2021-12-29,cl1s,1,0.5406623277639374,14
2021-12-30,cl1s,1,0.529418826342279,14
2021-12-31,cl1s,1,0.5539024264620597,14
2022-01-03,cl1s,1,0.5226208002616807,14
2022-01-04,cl1s,1,0.5213249473509436,14
2022-01-05,cl1s,1,0.5415545367446137,14
2022-01-06,cl1s,1,0.5709892305580634,14
2022-01-07,cl1s,1,0.5709018479518124,14
2022-01-10,cl1s,1,0.5834581955793331,14
2022-01-11,cl1s,1,0.5815721648718823,14
2022-01-12,cl1s,1,0.5741426847838391,14
2022-01-13,cl1s,1,0.6039905754514746,14
2022-01-14,cl1s,1,0.5885493968487717,14
2022-01-18,cl1s,1,0.5259972588663331,14
2022-01-19,cl1s,1,0.5160132007278929,14
2022-01-20,cl1s,1,0.5186903603444916,14
2022-01-21,cl1s,1,0.5167066849155632,14
2022-01-24,cl1s,1,0.5269101373001516,14
2022-01-25,cl1s,1,0.5239537008557563,14
2022-01-26,cl1s,1,0.5231035697011968,14
2022-01-27,cl1s,1,0.5394435154683624,14
2022-01-28,cl1s,1,0.5465027410705234,14
2022-01-31,cl1s,1,0.5014665291376463,14
2022-02-01,cl1s,1,0.5037701576739488,14
2022-02-02,cl1s,1,0.5094132530397124,14
2022-02-10,cl1s,1,0.47036615106180096,14
2022-02-15,cl1s,1,0.5136032298295196,14
2022-02-16,cl1s,1,0.5811067405020617,14
2022-02-17,cl1s,1,0.554271272223833,14
2022-02-18,cl1s,1,0.5526747228069613,14
2022-02-22,cl1s,1,0.5648881543259844,14
2022-02-23,cl1s,1,0.4596600573329244,14
2022-02-24,cl1s,1,0.5284813991147235,14
2022-02-25,cl1s,1,0.4949446608643414,14
2022-02-28,cl1s,1,0.5216322687591327,14
2022-03-03,cl1s,1,0.5924427561881167,14
2022-03-14,cl1s,0,0.6728974640790418,14
2022-03-18,cl1s,0,0.7293308802986193,14
2022-03-21,cl1s,1,0.6917509500240319,14
2022-03-22,cl1s,1,0.6789293621893826,14
2022-03-23,cl1s,1,0.6668817762524983,14
2022-03-24,cl1s,1,0.6746771019132406,14
2022-03-25,cl1s,1,0.6753551605050014,14
2022-03-28,cl1s,1,0.6730896347253107,14
2022-04-13,cl1s,0,0.6559667506521772,14
2022-04-14,cl1s,1,0.6598103699553485,14
2022-04-27,cl1s,1,0.6667350810527511,14
2022-04-28,cl1s,1,0.6676791938545464,14
2022-04-29,cl1s,1,0.6704159525741868,14
2022-05-02,cl1s,1,0.6725531275524101,14
2022-05-03,cl1s,1,0.6473097421497012,14
2022-05-04,cl1s,1,0.6470647482714396,14
2022-05-05,cl1s,1,0.6726305669479525,14
2022-05-06,cl1s,1,0.6602767977853456,14
2022-05-09,cl1s,1,0.6870706653006716,14
2022-05-10,cl1s,1,0.6706150082446456,14
2022-05-11,cl1s,1,0.7216814845845474,14
2022-05-12,cl1s,1,0.7096148256159144,14
2022-05-13,cl1s,1,0.6795749182927215,14
2022-05-16,cl1s,1,0.6899152738282859,14
2022-05-17,cl1s,1,0.6853310116045793,14
2022-05-18,cl1s,1,0.7134100823299924,14
2022-05-19,cl1s,1,0.7232581249812999,14
2022-05-20,cl1s,1,0.6752220621024527,14
2022-05-23,cl1s,1,0.6516168861123521,14
2022-05-24,cl1s,1,0.649278005225456,14
2022-05-25,cl1s,1,0.6408684455637377,14
2022-05-26,cl1s,1,0.6235035209984013,14
2022-05-27,cl1s,1,0.6204877467724929,14
2022-05-31,cl1s,1,0.6167813855296298,14
2022-06-01,cl1s,1,0.5852642444285311,14
2022-06-02,cl1s,1,0.6411395655867483,14
2022-06-03,cl1s,0,0.652461135859933,14
2022-06-06,cl1s,0,0.606854588982551,14
2022-06-07,cl1s,0,0.6002591479708976,14
2022-06-08,cl1s,0,0.5768245377237288,14
2022-06-09,cl1s,0,0.5658074544267726,14
2022-06-10,cl1s,0,0.560330929219695,14
2022-06-13,cl1s,0,0.49973495897360143,14
2022-06-14,cl1s,0,0.5434998638352687,14
2022-06-15,cl1s,0,0.5326145046074793,14
