instrument,pnl_type,pt,sl,h,pos_rate,n_kept,vert_frac,adj_sharpe_train,adj_sharpe_hold,raw_sharpe_hold,ho_rank,n_taken_hold
cl1s,exit,1.0,1.0,5,0.4878,160,0.1738,14.5016,36.6704,9.7155,98,58
cl1s,exit,1.0,2.0,5,0.5366,176,0.2683,14.4952,35.9719,8.4888,104,61
cl1s,exit,1.0,2.0,10,0.678,219,0.0743,14.4791,34.5106,10.9685,120,69
es1s,exit,3.0,2.0,10,0.2841,127,0.3669,26.9156,63.2497,-0.8727,14,28
es1s,exit,3.0,1.5,10,0.2774,124,0.2841,26.8864,64.0423,-0.6254,13,26
es1s,exit,3.0,2.5,10,0.2975,133,0.4049,26.8489,60.6668,-0.9132,24,29
fesx1s,exit,3.0,0.5,20,0.251,123,0.0408,31.084,71.2768,1.8044,2,30
fesx1s,exit,2.5,1.5,15,0.3697,183,0.1535,31.0731,64.9145,2.9816,37,49
fesx1s,exit,2.5,0.5,15,0.2869,142,0.0444,31.0271,70.0426,1.6353,4,36
gc1s,exit,2.5,1.0,20,0.4493,62,0.058,53.9916,119.7305,0.9446,34,7
gc1s,exit,2.5,0.75,20,0.4275,59,0.0435,53.9547,117.9668,1.236,44,6
gc1s,exit,2.5,0.5,20,0.3986,55,0.0362,52.5505,117.9668,1.236,44,6
hg1s,exit,2.0,0.5,5,0.257,128,0.1627,60.8604,69.2148,2.1521,43,39
hg1s,exit,2.0,0.5,20,0.3251,157,0.0124,59.9294,59.9664,1.384,68,38
hg1s,exit,2.0,0.5,15,0.3217,157,0.0225,59.845,62.6276,2.3391,58,43
ho1s,exit,1.0,0.75,5,0.5789,33,0.1053,36.486,0.0,-83.6409,60,0
ho1s,exit,1.0,0.5,5,0.5439,31,0.0877,35.2184,0.0,-31.0049,60,0
ho1s,exit,1.0,0.75,10,0.6346,33,0.0,34.1461,0.0,-83.6409,60,0
ng1s,exit,3.0,2.5,20,0.5882,40,0.2794,126.8308,140.6795,-10.3523,16,7
ng1s,exit,2.0,0.5,20,0.3971,27,0.0,125.0522,65.7529,-8.0151,76,5
ng1s,exit,2.0,0.5,15,0.3824,26,0.0147,123.38,60.9922,-4.9394,86,7
nq1s,exit,2.5,1.0,5,0.2227,106,0.3697,34.0478,68.0723,1.9284,65,27
nq1s,exit,2.5,0.75,5,0.2038,97,0.3214,33.8485,64.5461,1.3211,71,24
nq1s,exit,2.5,2.5,5,0.2395,114,0.5945,33.7349,69.7685,2.7553,50,29
pl1s,exit,2.5,2.0,20,0.3843,166,0.1435,51.9707,78.4749,6.1546,46,56
pl1s,exit,3.0,2.0,20,0.3102,134,0.1968,51.7313,88.8525,5.044,16,48
pl1s,exit,2.5,1.5,20,0.3519,152,0.0949,51.4755,77.3337,6.5104,54,53
rb1s,exit,3.0,2.5,20,0.3292,159,0.176,20.461,38.8312,3.7464,46,54
rb1s,exit,3.0,2.0,20,0.3147,152,0.1159,20.3203,39.2539,4.2378,41,53
rb1s,exit,3.0,1.5,20,0.2961,143,0.0787,20.2653,38.3497,4.1432,53,49
si1s,exit,3.0,0.75,10,0.2119,96,0.1987,44.576,102.776,1.892,21,28
si1s,exit,3.0,1.0,10,0.2163,98,0.2472,44.1703,102.776,1.5672,21,28
si1s,exit,3.0,0.5,10,0.2031,92,0.1656,44.0294,99.6002,1.6057,24,26
cl1s,lag0,1.0,0.75,15,0.5629,179,0.0,0.5459,3.3397,2.597,2,55
cl1s,lag0,1.0,0.5,15,0.5314,169,0.0,0.5325,3.3105,2.597,3,51
cl1s,lag0,1.0,1.0,15,0.5881,187,0.0126,0.4992,1.4999,2.597,52,63
es1s,lag0,3.0,0.5,15,0.2787,124,0.0719,-0.2971,-4.3685,-3.8991,59,24
es1s,lag0,3.0,0.75,15,0.3124,139,0.0876,-0.4197,-3.9715,-3.8991,50,26
es1s,lag0,3.0,1.0,15,0.3393,151,0.1034,-0.5613,-4.6095,-3.8991,67,28
fesx1s,lag0,2.0,2.0,20,0.4939,242,0.1224,-2.4183,-1.3983,-0.9641,51,58
fesx1s,lag0,2.0,0.75,5,0.2238,113,0.3129,-2.4332,-2.3508,-1.1805,94,33
fesx1s,lag0,1.0,2.0,5,0.4653,235,0.3505,-2.49,-1.3868,-1.1805,50,66
gc1s,lag0,1.0,1.5,10,0.6667,92,0.0725,0.6992,-7.4957,-6.9287,108,18
gc1s,lag0,1.0,1.5,20,0.6957,96,0.0217,0.6185,-7.6166,-6.9318,112,14
gc1s,lag0,1.0,1.5,15,0.6812,94,0.0362,0.5647,-7.5065,-6.9041,110,16
hg1s,lag0,3.0,0.75,5,0.1506,75,0.3414,-0.6635,-1.0076,-2.5166,10,15
hg1s,lag0,3.0,2.5,5,0.1566,78,0.6847,-0.6844,-0.0377,-2.5166,2,16
hg1s,lag0,3.0,1.0,5,0.1546,77,0.4297,-0.7634,-0.0377,-2.5166,2,16
ho1s,lag0,1.0,2.5,5,0.6667,38,0.2456,-5.5808,0.0,-45.6575,60,0
ho1s,lag0,1.0,1.0,5,0.614,35,0.1228,-5.9847,0.0,-45.6575,60,0
ho1s,lag0,1.0,1.5,5,0.6316,36,0.1754,-6.208,0.0,-45.6575,60,0
ng1s,lag0,2.0,0.5,20,0.3971,27,0.0,1.0796,-2.1797,-2.7176,56,5
ng1s,lag0,1.0,2.5,20,0.8382,57,0.0294,0.7589,-1.1716,-2.7176,48,17
ng1s,lag0,2.0,0.5,15,0.3824,26,0.0147,0.751,-4.0474,-2.4956,72,7
nq1s,lag0,2.5,2.0,20,0.5141,237,0.0325,-1.4496,-2.607,-2.1508,65,56
nq1s,lag0,2.5,1.5,20,0.4816,222,0.0152,-1.5522,-2.7731,-2.1508,76,50
nq1s,lag0,2.0,2.0,20,0.5618,259,0.0195,-1.6776,-3.3227,-2.1508,103,61
pl1s,lag0,1.5,0.5,5,0.3311,148,0.1387,-2.3273,-2.3943,-4.3924,8,34
pl1s,lag0,1.0,0.5,5,0.4407,197,0.0649,-2.5512,-2.5622,-4.3924,11,43
pl1s,lag0,1.0,0.75,5,0.4743,212,0.0917,-2.6168,-2.6807,-4.3924,12,46
rb1s,lag0,3.0,1.5,15,0.2807,137,0.1352,1.0588,0.3015,-1.1038,47,53
rb1s,lag0,3.0,1.0,15,0.2582,126,0.0758,0.8203,1.0222,-1.1038,15,49
rb1s,lag0,3.0,1.5,20,0.2961,143,0.0787,0.7263,0.6544,-0.9505,24,49
si1s,lag0,3.0,0.5,15,0.2478,111,0.0804,-1.2271,-2.3653,-2.671,53,26
si1s,lag0,3.0,0.5,10,0.2031,92,0.1656,-1.3327,-2.2931,-2.7952,49,26
si1s,lag0,3.0,0.75,10,0.2119,96,0.1987,-1.3859,-1.6688,-2.7952,17,28
cl1s,lag1,1.5,0.5,5,0.3384,111,0.1921,9.9341,17.214,3.8404,4,38
cl1s,lag1,1.0,0.5,5,0.4665,153,0.0793,9.4485,15.3727,3.8404,12,51
cl1s,lag1,1.5,0.75,5,0.3476,114,0.2378,9.3973,15.4696,3.8404,9,40
es1s,lag1,2.5,0.5,5,0.1863,84,0.286,12.9926,22.4627,1.6847,2,20
es1s,lag1,3.0,0.5,15,0.2787,124,0.0719,12.9621,18.9372,1.3677,10,24
es1s,lag1,1.5,0.5,5,0.357,161,0.133,12.7102,19.1258,1.6847,9,43
fesx1s,lag1,2.5,0.5,5,0.1604,81,0.301,14.2667,20.0768,2.4825,1,23
fesx1s,lag1,2.0,0.5,5,0.2158,109,0.2515,14.2604,17.5751,2.4825,6,32
fesx1s,lag1,1.0,0.5,5,0.3861,195,0.1168,13.4843,17.5233,2.4825,7,56
gc1s,lag1,2.5,0.5,5,0.1884,26,0.3841,15.5923,23.838,5.5126,21,5
gc1s,lag1,2.5,0.75,5,0.1884,26,0.442,15.5923,23.838,5.5126,21,5
gc1s,lag1,2.5,1.0,5,0.1884,26,0.5072,15.5923,23.838,5.5126,21,5
hg1s,lag1,2.0,0.5,5,0.257,128,0.1627,18.6967,18.9008,1.0104,9,39
hg1s,lag1,2.5,0.5,5,0.1908,95,0.2229,18.5902,18.7943,1.0104,12,24
hg1s,lag1,2.5,0.5,10,0.2394,118,0.0913,18.4729,19.1992,1.8823,3,33
ho1s,lag1,2.0,0.5,20,0.375,18,0.0,18.3941,0.0,0.0,60,0
ho1s,lag1,2.0,0.75,20,0.375,18,0.0,18.3941,0.0,0.0,60,0
ho1s,lag1,2.0,0.75,10,0.4038,21,0.0385,18.3829,0.0,-31.0049,60,0
ng1s,lag1,3.0,0.5,15,0.2206,15,0.1176,23.2439,26.1548,-0.3378,13,4
ng1s,lag1,2.5,0.5,15,0.2647,18,0.0735,22.9777,29.1482,-0.3378,8,5
ng1s,lag1,2.5,0.5,10,0.2353,16,0.1471,22.5659,29.1482,-0.3378,8,5
nq1s,lag1,2.5,0.5,5,0.1975,94,0.2689,15.8596,26.3847,2.4715,4,24
nq1s,lag1,2.5,0.75,5,0.2038,97,0.3214,15.3878,26.3847,2.4715,4,24
nq1s,lag1,2.0,0.5,5,0.2731,130,0.2017,15.0476,28.3228,2.4715,2,34
pl1s,lag1,2.0,0.5,5,0.2394,107,0.2237,17.6304,17.7704,1.0506,7,29
pl1s,lag1,2.0,0.5,10,0.3009,133,0.0633,17.2241,17.5529,1.4794,8,32
pl1s,lag1,2.5,0.5,10,0.2376,105,0.095,17.1996,17.4943,1.4794,9,29
rb1s,lag1,2.5,0.5,5,0.1687,84,0.249,10.1169,18.9096,3.1683,4,32
rb1s,lag1,3.0,0.5,20,0.2215,107,0.0124,10.0992,16.0959,3.5161,24,40
rb1s,lag1,1.5,0.5,5,0.2972,148,0.1386,10.0986,18.9673,3.1683,3,48
si1s,lag1,2.5,0.5,5,0.1507,69,0.3275,15.9031,28.0523,0.6364,1,23
si1s,lag1,2.0,0.5,5,0.1921,88,0.2882,15.2441,22.0523,0.6364,5,26
si1s,lag1,2.5,0.75,5,0.1572,72,0.3734,14.7322,21.4915,0.6364,8,25
cl1s,lag2,3.0,0.5,10,0.2012,65,0.2198,8.1591,11.8365,4.5932,27,29
cl1s,lag2,3.0,1.5,10,0.2384,77,0.3932,7.9642,12.0645,4.5932,26,36
cl1s,lag2,2.0,1.5,5,0.2652,87,0.4756,7.9624,15.2865,4.4578,3,33
es1s,lag2,3.0,1.0,10,0.2662,119,0.2125,7.2556,11.0901,-0.2721,40,25
es1s,lag2,3.0,0.75,10,0.2483,111,0.1924,7.0783,11.9027,-0.2721,32,24
es1s,lag2,3.0,2.0,10,0.2841,127,0.3669,6.9701,8.0228,-0.2721,78,28
fesx1s,lag2,2.5,0.5,5,0.1604,81,0.301,10.5134,5.7473,-0.4743,80,23
fesx1s,lag2,2.5,1.0,5,0.1683,85,0.4376,10.0617,6.6936,-0.4743,36,27
fesx1s,lag2,2.5,0.75,5,0.1644,83,0.3663,9.9348,5.7473,-0.4743,80,23
gc1s,lag2,3.0,0.5,5,0.1522,21,0.4203,11.7462,19.4195,1.7324,9,3
gc1s,lag2,3.0,0.75,5,0.1522,21,0.4783,11.7462,19.4195,1.7324,9,3
gc1s,lag2,3.0,1.0,5,0.1522,21,0.5435,11.7462,19.4195,1.7324,9,3
hg1s,lag2,3.0,2.5,5,0.1566,78,0.6847,9.8491,16.6665,0.6069,2,16
hg1s,lag2,3.0,1.0,5,0.1546,77,0.4297,9.7092,16.6665,0.6069,2,16
hg1s,lag2,3.0,1.5,5,0.1546,77,0.5301,9.7092,16.6665,0.6069,2,16
ho1s,lag2,2.0,0.5,5,0.3333,19,0.193,16.984,0.0,-186.0448,60,0
ho1s,lag2,2.0,0.75,5,0.3333,19,0.2456,16.984,0.0,-186.0448,60,0
ho1s,lag2,2.5,0.5,5,0.2632,15,0.2632,16.5878,0.0,-186.0448,60,0
ng1s,lag2,2.0,0.5,10,0.3382,23,0.0735,19.3875,12.1862,-0.6635,58,7
ng1s,lag2,1.5,0.5,5,0.3088,21,0.1765,19.2889,9.2967,-0.2094,92,13
ng1s,lag2,2.0,0.75,5,0.2941,20,0.3382,18.7542,10.1213,-0.2094,91,7
nq1s,lag2,3.0,0.5,10,0.242,114,0.1295,9.3294,12.1228,1.7602,15,27
nq1s,lag2,3.0,0.75,10,0.2527,119,0.1592,8.9572,11.8418,1.7602,16,29
nq1s,lag2,3.0,2.0,5,0.1555,74,0.5987,8.8513,14.048,1.4938,11,21
pl1s,lag2,2.5,0.5,5,0.1723,77,0.2864,13.6096,19.9899,0.0118,2,22
pl1s,lag2,2.5,0.75,5,0.1723,77,0.3512,13.6096,18.1303,0.0118,8,24
pl1s,lag2,2.5,1.0,5,0.1723,77,0.4206,13.6096,18.1303,0.0118,8,24
rb1s,lag2,2.5,2.0,5,0.1948,97,0.5462,8.3933,11.6919,2.3224,10,38
rb1s,lag2,2.5,2.5,5,0.1948,97,0.6064,8.3933,11.6919,2.3224,10,38
rb1s,lag2,2.5,1.5,5,0.1908,95,0.4659,8.0887,11.7048,2.3224,9,37
si1s,lag2,2.5,0.75,5,0.1572,72,0.3734,10.1469,11.3417,-0.1247,33,25
si1s,lag2,2.5,0.5,5,0.1507,69,0.3275,9.9501,11.8812,-0.1247,21,23
si1s,lag2,2.5,1.5,5,0.1681,77,0.5218,9.5122,11.3417,-0.1247,33,25
